Control ID,Capability ID,Capability Name,Security Domain,Control Name,ASVS / Reference Area,Verification Statement,Primary Surface(s),API / Command Scope,Expected Denial/Error,Evidence Required,Test Type,Test ID,Owner,Status
PB-SEC-001-01,B-001,First-party Coaching Mode,AUTHN,Authentication boundary,V2,verify authenticated actor and expired/invalid token behavior,ADM-001|ADM-002|ADM-011|CL-004|CS-001,/tenant-blueprints/{id}/activate,PB_ERR_TENANT_SCOPE_DENIED,automated test + audit row + log/metric sample where applicable,contract + integration,TST-SEC-B-001-AUTHN,Security Reviewer + Backend Owner,REQUIRED_FOR_HANDOFF
PB-SEC-001-02,B-001,First-party Coaching Mode,AUTHZ,Role/permission enforcement,V4,verify role matrix and forbidden transitions,ADM-001|ADM-002|ADM-011|CL-004|CS-001,/tenant-blueprints/{id}/activate,PB_ERR_TENANT_SCOPE_DENIED,automated test + audit row + log/metric sample where applicable,unit + integration,TST-SEC-B-001-AUTHZ,Security Reviewer + Backend Owner,REQUIRED_FOR_HANDOFF
PB-SEC-001-03,B-001,First-party Coaching Mode,TENANT,Tenant isolation,V4,verify tenant_id scoping and cross-tenant denial,ADM-001|ADM-002|ADM-011|CL-004|CS-001,/tenant-blueprints/{id}/activate,PB_ERR_TENANT_SCOPE_DENIED,automated test + audit row + log/metric sample where applicable,security + e2e,TST-SEC-B-001-TENANT,Security Reviewer + Backend Owner,REQUIRED_FOR_HANDOFF
PB-SEC-001-04,B-001,First-party Coaching Mode,RLS,Row-level security,V4,verify RLS denies cross-tenant read/write at DB layer,ADM-001|ADM-002|ADM-011|CL-004|CS-001,/tenant-blueprints/{id}/activate,PB_ERR_TENANT_SCOPE_DENIED,automated test + audit row + log/metric sample where applicable,db security,TST-SEC-B-001-RLS,Security Reviewer + Backend Owner,REQUIRED_FOR_HANDOFF
PB-SEC-001-05,B-001,First-party Coaching Mode,INPUT,Input validation,V5,"verify schema, enum, size and unsafe content constraints",ADM-001|ADM-002|ADM-011|CL-004|CS-001,/tenant-blueprints/{id}/activate,PB_ERR_TENANT_SCOPE_DENIED,automated test + audit row + log/metric sample where applicable,contract + property,TST-SEC-B-001-INPUT,Security Reviewer + Backend Owner,REQUIRED_FOR_HANDOFF
PB-SEC-001-06,B-001,First-party Coaching Mode,OUTPUT,Sensitive output filtering,V9,verify PII/minimized admin detail and no internal stack traces,ADM-001|ADM-002|ADM-011|CL-004|CS-001,/tenant-blueprints/{id}/activate,PB_ERR_TENANT_SCOPE_DENIED,automated test + audit row + log/metric sample where applicable,security + snapshot,TST-SEC-B-001-OUTPUT,Security Reviewer + Backend Owner,REQUIRED_FOR_HANDOFF
PB-SEC-001-07,B-001,First-party Coaching Mode,AUDIT,Audit evidence,V10,verify mutation/denial/audit rows and correlation ids,ADM-001|ADM-002|ADM-011|CL-004|CS-001,/tenant-blueprints/{id}/activate,PB_ERR_TENANT_SCOPE_DENIED,automated test + audit row + log/metric sample where applicable,integration,TST-SEC-B-001-AUDIT,Security Reviewer + Backend Owner,REQUIRED_FOR_HANDOFF
PB-SEC-001-08,B-001,First-party Coaching Mode,EVENT,Outbox/event integrity,V14,verify mutation+outbox same transaction and idempotent consumers,ADM-001|ADM-002|ADM-011|CL-004|CS-001,/tenant-blueprints/{id}/activate,PB_ERR_TENANT_SCOPE_DENIED,automated test + audit row + log/metric sample where applicable,integration,TST-SEC-B-001-EVENT,Security Reviewer + Backend Owner,REQUIRED_FOR_HANDOFF
PB-SEC-001-09,B-001,First-party Coaching Mode,WEBHOOK,Webhook authenticity,V2/V4,verify signature/timestamp/replay protection,ADM-001|ADM-002|ADM-011|CL-004|CS-001,/tenant-blueprints/{id}/activate,PB_ERR_TENANT_SCOPE_DENIED,automated test + audit row + log/metric sample where applicable,security + integration,TST-SEC-B-001-WEBHOOK,Security Reviewer + Backend Owner,REQUIRED_FOR_HANDOFF
PB-SEC-001-10,B-001,First-party Coaching Mode,ADMIN,Support/admin safeguards,V4/V10,"verify support-session reason, scoped access and audit",ADM-001|ADM-002|ADM-011|CL-004|CS-001,/tenant-blueprints/{id}/activate,PB_ERR_TENANT_SCOPE_DENIED,automated test + audit row + log/metric sample where applicable,e2e + audit,TST-SEC-B-001-ADMIN,Security Reviewer + Backend Owner,REQUIRED_FOR_HANDOFF
PB-SEC-001-11,B-001,First-party Coaching Mode,PRIVACY,Consent and privacy boundary,V8/V9,verify consent/visibility rules and deletion/export flags,ADM-001|ADM-002|ADM-011|CL-004|CS-001,/tenant-blueprints/{id}/activate,PB_ERR_TENANT_SCOPE_DENIED,automated test + audit row + log/metric sample where applicable,security + e2e,TST-SEC-B-001-PRIVACY,Security Reviewer + Backend Owner,REQUIRED_FOR_HANDOFF
PB-SEC-001-12,B-001,First-party Coaching Mode,RATE,Abuse/rate-limit controls,V11,verify rate-limits for public and message surfaces,ADM-001|ADM-002|ADM-011|CL-004|CS-001,/tenant-blueprints/{id}/activate,PB_ERR_TENANT_SCOPE_DENIED,automated test + audit row + log/metric sample where applicable,integration,TST-SEC-B-001-RATE,Security Reviewer + Backend Owner,REQUIRED_FOR_HANDOFF
PB-SEC-002-01,B-002,White-label / Tenant Mode,AUTHN,Authentication boundary,V2,verify authenticated actor and expired/invalid token behavior,ADM-001|ADM-003|ADM-005|OPS-001|OPS-006,/tenants,PB_ERR_TENANT_SCOPE_DENIED,automated test + audit row + log/metric sample where applicable,contract + integration,TST-SEC-B-002-AUTHN,Security Reviewer + Backend Owner,REQUIRED_FOR_HANDOFF
PB-SEC-002-02,B-002,White-label / Tenant Mode,AUTHZ,Role/permission enforcement,V4,verify role matrix and forbidden transitions,ADM-001|ADM-003|ADM-005|OPS-001|OPS-006,/tenants,PB_ERR_TENANT_SCOPE_DENIED,automated test + audit row + log/metric sample where applicable,unit + integration,TST-SEC-B-002-AUTHZ,Security Reviewer + Backend Owner,REQUIRED_FOR_HANDOFF
PB-SEC-002-03,B-002,White-label / Tenant Mode,TENANT,Tenant isolation,V4,verify tenant_id scoping and cross-tenant denial,ADM-001|ADM-003|ADM-005|OPS-001|OPS-006,/tenants,PB_ERR_TENANT_SCOPE_DENIED,automated test + audit row + log/metric sample where applicable,security + e2e,TST-SEC-B-002-TENANT,Security Reviewer + Backend Owner,REQUIRED_FOR_HANDOFF
PB-SEC-002-04,B-002,White-label / Tenant Mode,RLS,Row-level security,V4,verify RLS denies cross-tenant read/write at DB layer,ADM-001|ADM-003|ADM-005|OPS-001|OPS-006,/tenants,PB_ERR_TENANT_SCOPE_DENIED,automated test + audit row + log/metric sample where applicable,db security,TST-SEC-B-002-RLS,Security Reviewer + Backend Owner,REQUIRED_FOR_HANDOFF
PB-SEC-002-05,B-002,White-label / Tenant Mode,INPUT,Input validation,V5,"verify schema, enum, size and unsafe content constraints",ADM-001|ADM-003|ADM-005|OPS-001|OPS-006,/tenants,PB_ERR_TENANT_SCOPE_DENIED,automated test + audit row + log/metric sample where applicable,contract + property,TST-SEC-B-002-INPUT,Security Reviewer + Backend Owner,REQUIRED_FOR_HANDOFF
PB-SEC-002-06,B-002,White-label / Tenant Mode,OUTPUT,Sensitive output filtering,V9,verify PII/minimized admin detail and no internal stack traces,ADM-001|ADM-003|ADM-005|OPS-001|OPS-006,/tenants,PB_ERR_TENANT_SCOPE_DENIED,automated test + audit row + log/metric sample where applicable,security + snapshot,TST-SEC-B-002-OUTPUT,Security Reviewer + Backend Owner,REQUIRED_FOR_HANDOFF
PB-SEC-002-07,B-002,White-label / Tenant Mode,AUDIT,Audit evidence,V10,verify mutation/denial/audit rows and correlation ids,ADM-001|ADM-003|ADM-005|OPS-001|OPS-006,/tenants,PB_ERR_TENANT_SCOPE_DENIED,automated test + audit row + log/metric sample where applicable,integration,TST-SEC-B-002-AUDIT,Security Reviewer + Backend Owner,REQUIRED_FOR_HANDOFF
PB-SEC-002-08,B-002,White-label / Tenant Mode,EVENT,Outbox/event integrity,V14,verify mutation+outbox same transaction and idempotent consumers,ADM-001|ADM-003|ADM-005|OPS-001|OPS-006,/tenants,PB_ERR_TENANT_SCOPE_DENIED,automated test + audit row + log/metric sample where applicable,integration,TST-SEC-B-002-EVENT,Security Reviewer + Backend Owner,REQUIRED_FOR_HANDOFF
PB-SEC-002-09,B-002,White-label / Tenant Mode,WEBHOOK,Webhook authenticity,V2/V4,verify signature/timestamp/replay protection,ADM-001|ADM-003|ADM-005|OPS-001|OPS-006,/tenants,PB_ERR_TENANT_SCOPE_DENIED,automated test + audit row + log/metric sample where applicable,security + integration,TST-SEC-B-002-WEBHOOK,Security Reviewer + Backend Owner,REQUIRED_FOR_HANDOFF
PB-SEC-002-10,B-002,White-label / Tenant Mode,ADMIN,Support/admin safeguards,V4/V10,"verify support-session reason, scoped access and audit",ADM-001|ADM-003|ADM-005|OPS-001|OPS-006,/tenants,PB_ERR_TENANT_SCOPE_DENIED,automated test + audit row + log/metric sample where applicable,e2e + audit,TST-SEC-B-002-ADMIN,Security Reviewer + Backend Owner,REQUIRED_FOR_HANDOFF
PB-SEC-002-11,B-002,White-label / Tenant Mode,PRIVACY,Consent and privacy boundary,V8/V9,verify consent/visibility rules and deletion/export flags,ADM-001|ADM-003|ADM-005|OPS-001|OPS-006,/tenants,PB_ERR_TENANT_SCOPE_DENIED,automated test + audit row + log/metric sample where applicable,security + e2e,TST-SEC-B-002-PRIVACY,Security Reviewer + Backend Owner,REQUIRED_FOR_HANDOFF
PB-SEC-002-12,B-002,White-label / Tenant Mode,RATE,Abuse/rate-limit controls,V11,verify rate-limits for public and message surfaces,ADM-001|ADM-003|ADM-005|OPS-001|OPS-006,/tenants,PB_ERR_TENANT_SCOPE_DENIED,automated test + audit row + log/metric sample where applicable,integration,TST-SEC-B-002-RATE,Security Reviewer + Backend Owner,REQUIRED_FOR_HANDOFF
PB-SEC-003-01,B-003,Coach Studio Web SaaS,AUTHN,Authentication boundary,V2,verify authenticated actor and expired/invalid token behavior,CS-001|CS-005|CS-007|CS-017|CS-018,/coach/dashboard,PB_ERR_TENANT_SCOPE_DENIED,automated test + audit row + log/metric sample where applicable,contract + integration,TST-SEC-B-003-AUTHN,Security Reviewer + Backend Owner,REQUIRED_FOR_HANDOFF
PB-SEC-003-02,B-003,Coach Studio Web SaaS,AUTHZ,Role/permission enforcement,V4,verify role matrix and forbidden transitions,CS-001|CS-005|CS-007|CS-017|CS-018,/coach/dashboard,PB_ERR_TENANT_SCOPE_DENIED,automated test + audit row + log/metric sample where applicable,unit + integration,TST-SEC-B-003-AUTHZ,Security Reviewer + Backend Owner,REQUIRED_FOR_HANDOFF
PB-SEC-003-03,B-003,Coach Studio Web SaaS,TENANT,Tenant isolation,V4,verify tenant_id scoping and cross-tenant denial,CS-001|CS-005|CS-007|CS-017|CS-018,/coach/dashboard,PB_ERR_TENANT_SCOPE_DENIED,automated test + audit row + log/metric sample where applicable,security + e2e,TST-SEC-B-003-TENANT,Security Reviewer + Backend Owner,REQUIRED_FOR_HANDOFF
PB-SEC-003-04,B-003,Coach Studio Web SaaS,RLS,Row-level security,V4,verify RLS denies cross-tenant read/write at DB layer,CS-001|CS-005|CS-007|CS-017|CS-018,/coach/dashboard,PB_ERR_TENANT_SCOPE_DENIED,automated test + audit row + log/metric sample where applicable,db security,TST-SEC-B-003-RLS,Security Reviewer + Backend Owner,REQUIRED_FOR_HANDOFF
PB-SEC-003-05,B-003,Coach Studio Web SaaS,INPUT,Input validation,V5,"verify schema, enum, size and unsafe content constraints",CS-001|CS-005|CS-007|CS-017|CS-018,/coach/dashboard,PB_ERR_TENANT_SCOPE_DENIED,automated test + audit row + log/metric sample where applicable,contract + property,TST-SEC-B-003-INPUT,Security Reviewer + Backend Owner,REQUIRED_FOR_HANDOFF
PB-SEC-003-06,B-003,Coach Studio Web SaaS,OUTPUT,Sensitive output filtering,V9,verify PII/minimized admin detail and no internal stack traces,CS-001|CS-005|CS-007|CS-017|CS-018,/coach/dashboard,PB_ERR_TENANT_SCOPE_DENIED,automated test + audit row + log/metric sample where applicable,security + snapshot,TST-SEC-B-003-OUTPUT,Security Reviewer + Backend Owner,REQUIRED_FOR_HANDOFF
PB-SEC-003-07,B-003,Coach Studio Web SaaS,AUDIT,Audit evidence,V10,verify mutation/denial/audit rows and correlation ids,CS-001|CS-005|CS-007|CS-017|CS-018,/coach/dashboard,PB_ERR_TENANT_SCOPE_DENIED,automated test + audit row + log/metric sample where applicable,integration,TST-SEC-B-003-AUDIT,Security Reviewer + Backend Owner,REQUIRED_FOR_HANDOFF
PB-SEC-003-08,B-003,Coach Studio Web SaaS,EVENT,Outbox/event integrity,V14,verify mutation+outbox same transaction and idempotent consumers,CS-001|CS-005|CS-007|CS-017|CS-018,/coach/dashboard,PB_ERR_TENANT_SCOPE_DENIED,automated test + audit row + log/metric sample where applicable,integration,TST-SEC-B-003-EVENT,Security Reviewer + Backend Owner,REQUIRED_FOR_HANDOFF
PB-SEC-003-09,B-003,Coach Studio Web SaaS,WEBHOOK,Webhook authenticity,V2/V4,verify signature/timestamp/replay protection,CS-001|CS-005|CS-007|CS-017|CS-018,/coach/dashboard,PB_ERR_TENANT_SCOPE_DENIED,automated test + audit row + log/metric sample where applicable,security + integration,TST-SEC-B-003-WEBHOOK,Security Reviewer + Backend Owner,REQUIRED_FOR_HANDOFF
PB-SEC-003-10,B-003,Coach Studio Web SaaS,ADMIN,Support/admin safeguards,V4/V10,"verify support-session reason, scoped access and audit",CS-001|CS-005|CS-007|CS-017|CS-018,/coach/dashboard,PB_ERR_TENANT_SCOPE_DENIED,automated test + audit row + log/metric sample where applicable,e2e + audit,TST-SEC-B-003-ADMIN,Security Reviewer + Backend Owner,REQUIRED_FOR_HANDOFF
PB-SEC-003-11,B-003,Coach Studio Web SaaS,PRIVACY,Consent and privacy boundary,V8/V9,verify consent/visibility rules and deletion/export flags,CS-001|CS-005|CS-007|CS-017|CS-018,/coach/dashboard,PB_ERR_TENANT_SCOPE_DENIED,automated test + audit row + log/metric sample where applicable,security + e2e,TST-SEC-B-003-PRIVACY,Security Reviewer + Backend Owner,REQUIRED_FOR_HANDOFF
PB-SEC-003-12,B-003,Coach Studio Web SaaS,RATE,Abuse/rate-limit controls,V11,verify rate-limits for public and message surfaces,CS-001|CS-005|CS-007|CS-017|CS-018,/coach/dashboard,PB_ERR_TENANT_SCOPE_DENIED,automated test + audit row + log/metric sample where applicable,integration,TST-SEC-B-003-RATE,Security Reviewer + Backend Owner,REQUIRED_FOR_HANDOFF
PB-SEC-004-01,B-004,Branded Client App,AUTHN,Authentication boundary,V2,verify authenticated actor and expired/invalid token behavior,CL-004|CL-005|CL-006|CL-009|CL-012,/member-home,PB_ERR_TENANT_SCOPE_DENIED,automated test + audit row + log/metric sample where applicable,contract + integration,TST-SEC-B-004-AUTHN,Security Reviewer + Backend Owner,REQUIRED_FOR_HANDOFF
PB-SEC-004-02,B-004,Branded Client App,AUTHZ,Role/permission enforcement,V4,verify role matrix and forbidden transitions,CL-004|CL-005|CL-006|CL-009|CL-012,/member-home,PB_ERR_TENANT_SCOPE_DENIED,automated test + audit row + log/metric sample where applicable,unit + integration,TST-SEC-B-004-AUTHZ,Security Reviewer + Backend Owner,REQUIRED_FOR_HANDOFF
PB-SEC-004-03,B-004,Branded Client App,TENANT,Tenant isolation,V4,verify tenant_id scoping and cross-tenant denial,CL-004|CL-005|CL-006|CL-009|CL-012,/member-home,PB_ERR_TENANT_SCOPE_DENIED,automated test + audit row + log/metric sample where applicable,security + e2e,TST-SEC-B-004-TENANT,Security Reviewer + Backend Owner,REQUIRED_FOR_HANDOFF
PB-SEC-004-04,B-004,Branded Client App,RLS,Row-level security,V4,verify RLS denies cross-tenant read/write at DB layer,CL-004|CL-005|CL-006|CL-009|CL-012,/member-home,PB_ERR_TENANT_SCOPE_DENIED,automated test + audit row + log/metric sample where applicable,db security,TST-SEC-B-004-RLS,Security Reviewer + Backend Owner,REQUIRED_FOR_HANDOFF
PB-SEC-004-05,B-004,Branded Client App,INPUT,Input validation,V5,"verify schema, enum, size and unsafe content constraints",CL-004|CL-005|CL-006|CL-009|CL-012,/member-home,PB_ERR_TENANT_SCOPE_DENIED,automated test + audit row + log/metric sample where applicable,contract + property,TST-SEC-B-004-INPUT,Security Reviewer + Backend Owner,REQUIRED_FOR_HANDOFF
PB-SEC-004-06,B-004,Branded Client App,OUTPUT,Sensitive output filtering,V9,verify PII/minimized admin detail and no internal stack traces,CL-004|CL-005|CL-006|CL-009|CL-012,/member-home,PB_ERR_TENANT_SCOPE_DENIED,automated test + audit row + log/metric sample where applicable,security + snapshot,TST-SEC-B-004-OUTPUT,Security Reviewer + Backend Owner,REQUIRED_FOR_HANDOFF
PB-SEC-004-07,B-004,Branded Client App,AUDIT,Audit evidence,V10,verify mutation/denial/audit rows and correlation ids,CL-004|CL-005|CL-006|CL-009|CL-012,/member-home,PB_ERR_TENANT_SCOPE_DENIED,automated test + audit row + log/metric sample where applicable,integration,TST-SEC-B-004-AUDIT,Security Reviewer + Backend Owner,REQUIRED_FOR_HANDOFF
PB-SEC-004-08,B-004,Branded Client App,EVENT,Outbox/event integrity,V14,verify mutation+outbox same transaction and idempotent consumers,CL-004|CL-005|CL-006|CL-009|CL-012,/member-home,PB_ERR_TENANT_SCOPE_DENIED,automated test + audit row + log/metric sample where applicable,integration,TST-SEC-B-004-EVENT,Security Reviewer + Backend Owner,REQUIRED_FOR_HANDOFF
PB-SEC-004-09,B-004,Branded Client App,WEBHOOK,Webhook authenticity,V2/V4,verify signature/timestamp/replay protection,CL-004|CL-005|CL-006|CL-009|CL-012,/member-home,PB_ERR_TENANT_SCOPE_DENIED,automated test + audit row + log/metric sample where applicable,security + integration,TST-SEC-B-004-WEBHOOK,Security Reviewer + Backend Owner,REQUIRED_FOR_HANDOFF
PB-SEC-004-10,B-004,Branded Client App,ADMIN,Support/admin safeguards,V4/V10,"verify support-session reason, scoped access and audit",CL-004|CL-005|CL-006|CL-009|CL-012,/member-home,PB_ERR_TENANT_SCOPE_DENIED,automated test + audit row + log/metric sample where applicable,e2e + audit,TST-SEC-B-004-ADMIN,Security Reviewer + Backend Owner,REQUIRED_FOR_HANDOFF
PB-SEC-004-11,B-004,Branded Client App,PRIVACY,Consent and privacy boundary,V8/V9,verify consent/visibility rules and deletion/export flags,CL-004|CL-005|CL-006|CL-009|CL-012,/member-home,PB_ERR_TENANT_SCOPE_DENIED,automated test + audit row + log/metric sample where applicable,security + e2e,TST-SEC-B-004-PRIVACY,Security Reviewer + Backend Owner,REQUIRED_FOR_HANDOFF
PB-SEC-004-12,B-004,Branded Client App,RATE,Abuse/rate-limit controls,V11,verify rate-limits for public and message surfaces,CL-004|CL-005|CL-006|CL-009|CL-012,/member-home,PB_ERR_TENANT_SCOPE_DENIED,automated test + audit row + log/metric sample where applicable,integration,TST-SEC-B-004-RATE,Security Reviewer + Backend Owner,REQUIRED_FOR_HANDOFF
PB-SEC-005-01,B-005,Tenant App Blueprint,AUTHN,Authentication boundary,V2,verify authenticated actor and expired/invalid token behavior,ADM-003|ADM-004|ADM-011|OPS-003|OPS-006,/tenant-blueprints,PB_ERR_TENANT_SCOPE_DENIED,automated test + audit row + log/metric sample where applicable,contract + integration,TST-SEC-B-005-AUTHN,Security Reviewer + Backend Owner,REQUIRED_FOR_HANDOFF
PB-SEC-005-02,B-005,Tenant App Blueprint,AUTHZ,Role/permission enforcement,V4,verify role matrix and forbidden transitions,ADM-003|ADM-004|ADM-011|OPS-003|OPS-006,/tenant-blueprints,PB_ERR_TENANT_SCOPE_DENIED,automated test + audit row + log/metric sample where applicable,unit + integration,TST-SEC-B-005-AUTHZ,Security Reviewer + Backend Owner,REQUIRED_FOR_HANDOFF
PB-SEC-005-03,B-005,Tenant App Blueprint,TENANT,Tenant isolation,V4,verify tenant_id scoping and cross-tenant denial,ADM-003|ADM-004|ADM-011|OPS-003|OPS-006,/tenant-blueprints,PB_ERR_TENANT_SCOPE_DENIED,automated test + audit row + log/metric sample where applicable,security + e2e,TST-SEC-B-005-TENANT,Security Reviewer + Backend Owner,REQUIRED_FOR_HANDOFF
PB-SEC-005-04,B-005,Tenant App Blueprint,RLS,Row-level security,V4,verify RLS denies cross-tenant read/write at DB layer,ADM-003|ADM-004|ADM-011|OPS-003|OPS-006,/tenant-blueprints,PB_ERR_TENANT_SCOPE_DENIED,automated test + audit row + log/metric sample where applicable,db security,TST-SEC-B-005-RLS,Security Reviewer + Backend Owner,REQUIRED_FOR_HANDOFF
PB-SEC-005-05,B-005,Tenant App Blueprint,INPUT,Input validation,V5,"verify schema, enum, size and unsafe content constraints",ADM-003|ADM-004|ADM-011|OPS-003|OPS-006,/tenant-blueprints,PB_ERR_TENANT_SCOPE_DENIED,automated test + audit row + log/metric sample where applicable,contract + property,TST-SEC-B-005-INPUT,Security Reviewer + Backend Owner,REQUIRED_FOR_HANDOFF
PB-SEC-005-06,B-005,Tenant App Blueprint,OUTPUT,Sensitive output filtering,V9,verify PII/minimized admin detail and no internal stack traces,ADM-003|ADM-004|ADM-011|OPS-003|OPS-006,/tenant-blueprints,PB_ERR_TENANT_SCOPE_DENIED,automated test + audit row + log/metric sample where applicable,security + snapshot,TST-SEC-B-005-OUTPUT,Security Reviewer + Backend Owner,REQUIRED_FOR_HANDOFF
PB-SEC-005-07,B-005,Tenant App Blueprint,AUDIT,Audit evidence,V10,verify mutation/denial/audit rows and correlation ids,ADM-003|ADM-004|ADM-011|OPS-003|OPS-006,/tenant-blueprints,PB_ERR_TENANT_SCOPE_DENIED,automated test + audit row + log/metric sample where applicable,integration,TST-SEC-B-005-AUDIT,Security Reviewer + Backend Owner,REQUIRED_FOR_HANDOFF
PB-SEC-005-08,B-005,Tenant App Blueprint,EVENT,Outbox/event integrity,V14,verify mutation+outbox same transaction and idempotent consumers,ADM-003|ADM-004|ADM-011|OPS-003|OPS-006,/tenant-blueprints,PB_ERR_TENANT_SCOPE_DENIED,automated test + audit row + log/metric sample where applicable,integration,TST-SEC-B-005-EVENT,Security Reviewer + Backend Owner,REQUIRED_FOR_HANDOFF
PB-SEC-005-09,B-005,Tenant App Blueprint,WEBHOOK,Webhook authenticity,V2/V4,verify signature/timestamp/replay protection,ADM-003|ADM-004|ADM-011|OPS-003|OPS-006,/tenant-blueprints,PB_ERR_TENANT_SCOPE_DENIED,automated test + audit row + log/metric sample where applicable,security + integration,TST-SEC-B-005-WEBHOOK,Security Reviewer + Backend Owner,REQUIRED_FOR_HANDOFF
PB-SEC-005-10,B-005,Tenant App Blueprint,ADMIN,Support/admin safeguards,V4/V10,"verify support-session reason, scoped access and audit",ADM-003|ADM-004|ADM-011|OPS-003|OPS-006,/tenant-blueprints,PB_ERR_TENANT_SCOPE_DENIED,automated test + audit row + log/metric sample where applicable,e2e + audit,TST-SEC-B-005-ADMIN,Security Reviewer + Backend Owner,REQUIRED_FOR_HANDOFF
PB-SEC-005-11,B-005,Tenant App Blueprint,PRIVACY,Consent and privacy boundary,V8/V9,verify consent/visibility rules and deletion/export flags,ADM-003|ADM-004|ADM-011|OPS-003|OPS-006,/tenant-blueprints,PB_ERR_TENANT_SCOPE_DENIED,automated test + audit row + log/metric sample where applicable,security + e2e,TST-SEC-B-005-PRIVACY,Security Reviewer + Backend Owner,REQUIRED_FOR_HANDOFF
PB-SEC-005-12,B-005,Tenant App Blueprint,RATE,Abuse/rate-limit controls,V11,verify rate-limits for public and message surfaces,ADM-003|ADM-004|ADM-011|OPS-003|OPS-006,/tenant-blueprints,PB_ERR_TENANT_SCOPE_DENIED,automated test + audit row + log/metric sample where applicable,integration,TST-SEC-B-005-RATE,Security Reviewer + Backend Owner,REQUIRED_FOR_HANDOFF
PB-SEC-006-01,B-006,Feature Configuration,AUTHN,Authentication boundary,V2,verify authenticated actor and expired/invalid token behavior,ADM-004|ADM-011|CS-001|OPS-003,/feature-configurations,PB_ERR_TENANT_SCOPE_DENIED,automated test + audit row + log/metric sample where applicable,contract + integration,TST-SEC-B-006-AUTHN,Security Reviewer + Backend Owner,REQUIRED_FOR_HANDOFF
PB-SEC-006-02,B-006,Feature Configuration,AUTHZ,Role/permission enforcement,V4,verify role matrix and forbidden transitions,ADM-004|ADM-011|CS-001|OPS-003,/feature-configurations,PB_ERR_TENANT_SCOPE_DENIED,automated test + audit row + log/metric sample where applicable,unit + integration,TST-SEC-B-006-AUTHZ,Security Reviewer + Backend Owner,REQUIRED_FOR_HANDOFF
PB-SEC-006-03,B-006,Feature Configuration,TENANT,Tenant isolation,V4,verify tenant_id scoping and cross-tenant denial,ADM-004|ADM-011|CS-001|OPS-003,/feature-configurations,PB_ERR_TENANT_SCOPE_DENIED,automated test + audit row + log/metric sample where applicable,security + e2e,TST-SEC-B-006-TENANT,Security Reviewer + Backend Owner,REQUIRED_FOR_HANDOFF
PB-SEC-006-04,B-006,Feature Configuration,RLS,Row-level security,V4,verify RLS denies cross-tenant read/write at DB layer,ADM-004|ADM-011|CS-001|OPS-003,/feature-configurations,PB_ERR_TENANT_SCOPE_DENIED,automated test + audit row + log/metric sample where applicable,db security,TST-SEC-B-006-RLS,Security Reviewer + Backend Owner,REQUIRED_FOR_HANDOFF
PB-SEC-006-05,B-006,Feature Configuration,INPUT,Input validation,V5,"verify schema, enum, size and unsafe content constraints",ADM-004|ADM-011|CS-001|OPS-003,/feature-configurations,PB_ERR_TENANT_SCOPE_DENIED,automated test + audit row + log/metric sample where applicable,contract + property,TST-SEC-B-006-INPUT,Security Reviewer + Backend Owner,REQUIRED_FOR_HANDOFF
PB-SEC-006-06,B-006,Feature Configuration,OUTPUT,Sensitive output filtering,V9,verify PII/minimized admin detail and no internal stack traces,ADM-004|ADM-011|CS-001|OPS-003,/feature-configurations,PB_ERR_TENANT_SCOPE_DENIED,automated test + audit row + log/metric sample where applicable,security + snapshot,TST-SEC-B-006-OUTPUT,Security Reviewer + Backend Owner,REQUIRED_FOR_HANDOFF
PB-SEC-006-07,B-006,Feature Configuration,AUDIT,Audit evidence,V10,verify mutation/denial/audit rows and correlation ids,ADM-004|ADM-011|CS-001|OPS-003,/feature-configurations,PB_ERR_TENANT_SCOPE_DENIED,automated test + audit row + log/metric sample where applicable,integration,TST-SEC-B-006-AUDIT,Security Reviewer + Backend Owner,REQUIRED_FOR_HANDOFF
PB-SEC-006-08,B-006,Feature Configuration,EVENT,Outbox/event integrity,V14,verify mutation+outbox same transaction and idempotent consumers,ADM-004|ADM-011|CS-001|OPS-003,/feature-configurations,PB_ERR_TENANT_SCOPE_DENIED,automated test + audit row + log/metric sample where applicable,integration,TST-SEC-B-006-EVENT,Security Reviewer + Backend Owner,REQUIRED_FOR_HANDOFF
PB-SEC-006-09,B-006,Feature Configuration,WEBHOOK,Webhook authenticity,V2/V4,verify signature/timestamp/replay protection,ADM-004|ADM-011|CS-001|OPS-003,/feature-configurations,PB_ERR_TENANT_SCOPE_DENIED,automated test + audit row + log/metric sample where applicable,security + integration,TST-SEC-B-006-WEBHOOK,Security Reviewer + Backend Owner,REQUIRED_FOR_HANDOFF
PB-SEC-006-10,B-006,Feature Configuration,ADMIN,Support/admin safeguards,V4/V10,"verify support-session reason, scoped access and audit",ADM-004|ADM-011|CS-001|OPS-003,/feature-configurations,PB_ERR_TENANT_SCOPE_DENIED,automated test + audit row + log/metric sample where applicable,e2e + audit,TST-SEC-B-006-ADMIN,Security Reviewer + Backend Owner,REQUIRED_FOR_HANDOFF
PB-SEC-006-11,B-006,Feature Configuration,PRIVACY,Consent and privacy boundary,V8/V9,verify consent/visibility rules and deletion/export flags,ADM-004|ADM-011|CS-001|OPS-003,/feature-configurations,PB_ERR_TENANT_SCOPE_DENIED,automated test + audit row + log/metric sample where applicable,security + e2e,TST-SEC-B-006-PRIVACY,Security Reviewer + Backend Owner,REQUIRED_FOR_HANDOFF
PB-SEC-006-12,B-006,Feature Configuration,RATE,Abuse/rate-limit controls,V11,verify rate-limits for public and message surfaces,ADM-004|ADM-011|CS-001|OPS-003,/feature-configurations,PB_ERR_TENANT_SCOPE_DENIED,automated test + audit row + log/metric sample where applicable,integration,TST-SEC-B-006-RATE,Security Reviewer + Backend Owner,REQUIRED_FOR_HANDOFF
PB-SEC-007-01,B-007,Branding / Theme,AUTHN,Authentication boundary,V2,verify authenticated actor and expired/invalid token behavior,ADM-005|CL-004|CS-001|OPS-006,/tenant-branding,PB_ERR_TENANT_SCOPE_DENIED,automated test + audit row + log/metric sample where applicable,contract + integration,TST-SEC-B-007-AUTHN,Security Reviewer + Backend Owner,REQUIRED_FOR_HANDOFF
PB-SEC-007-02,B-007,Branding / Theme,AUTHZ,Role/permission enforcement,V4,verify role matrix and forbidden transitions,ADM-005|CL-004|CS-001|OPS-006,/tenant-branding,PB_ERR_TENANT_SCOPE_DENIED,automated test + audit row + log/metric sample where applicable,unit + integration,TST-SEC-B-007-AUTHZ,Security Reviewer + Backend Owner,REQUIRED_FOR_HANDOFF
PB-SEC-007-03,B-007,Branding / Theme,TENANT,Tenant isolation,V4,verify tenant_id scoping and cross-tenant denial,ADM-005|CL-004|CS-001|OPS-006,/tenant-branding,PB_ERR_TENANT_SCOPE_DENIED,automated test + audit row + log/metric sample where applicable,security + e2e,TST-SEC-B-007-TENANT,Security Reviewer + Backend Owner,REQUIRED_FOR_HANDOFF
PB-SEC-007-04,B-007,Branding / Theme,RLS,Row-level security,V4,verify RLS denies cross-tenant read/write at DB layer,ADM-005|CL-004|CS-001|OPS-006,/tenant-branding,PB_ERR_TENANT_SCOPE_DENIED,automated test + audit row + log/metric sample where applicable,db security,TST-SEC-B-007-RLS,Security Reviewer + Backend Owner,REQUIRED_FOR_HANDOFF
PB-SEC-007-05,B-007,Branding / Theme,INPUT,Input validation,V5,"verify schema, enum, size and unsafe content constraints",ADM-005|CL-004|CS-001|OPS-006,/tenant-branding,PB_ERR_TENANT_SCOPE_DENIED,automated test + audit row + log/metric sample where applicable,contract + property,TST-SEC-B-007-INPUT,Security Reviewer + Backend Owner,REQUIRED_FOR_HANDOFF
PB-SEC-007-06,B-007,Branding / Theme,OUTPUT,Sensitive output filtering,V9,verify PII/minimized admin detail and no internal stack traces,ADM-005|CL-004|CS-001|OPS-006,/tenant-branding,PB_ERR_TENANT_SCOPE_DENIED,automated test + audit row + log/metric sample where applicable,security + snapshot,TST-SEC-B-007-OUTPUT,Security Reviewer + Backend Owner,REQUIRED_FOR_HANDOFF
PB-SEC-007-07,B-007,Branding / Theme,AUDIT,Audit evidence,V10,verify mutation/denial/audit rows and correlation ids,ADM-005|CL-004|CS-001|OPS-006,/tenant-branding,PB_ERR_TENANT_SCOPE_DENIED,automated test + audit row + log/metric sample where applicable,integration,TST-SEC-B-007-AUDIT,Security Reviewer + Backend Owner,REQUIRED_FOR_HANDOFF
PB-SEC-007-08,B-007,Branding / Theme,EVENT,Outbox/event integrity,V14,verify mutation+outbox same transaction and idempotent consumers,ADM-005|CL-004|CS-001|OPS-006,/tenant-branding,PB_ERR_TENANT_SCOPE_DENIED,automated test + audit row + log/metric sample where applicable,integration,TST-SEC-B-007-EVENT,Security Reviewer + Backend Owner,REQUIRED_FOR_HANDOFF
PB-SEC-007-09,B-007,Branding / Theme,WEBHOOK,Webhook authenticity,V2/V4,verify signature/timestamp/replay protection,ADM-005|CL-004|CS-001|OPS-006,/tenant-branding,PB_ERR_TENANT_SCOPE_DENIED,automated test + audit row + log/metric sample where applicable,security + integration,TST-SEC-B-007-WEBHOOK,Security Reviewer + Backend Owner,REQUIRED_FOR_HANDOFF
PB-SEC-007-10,B-007,Branding / Theme,ADMIN,Support/admin safeguards,V4/V10,"verify support-session reason, scoped access and audit",ADM-005|CL-004|CS-001|OPS-006,/tenant-branding,PB_ERR_TENANT_SCOPE_DENIED,automated test + audit row + log/metric sample where applicable,e2e + audit,TST-SEC-B-007-ADMIN,Security Reviewer + Backend Owner,REQUIRED_FOR_HANDOFF
PB-SEC-007-11,B-007,Branding / Theme,PRIVACY,Consent and privacy boundary,V8/V9,verify consent/visibility rules and deletion/export flags,ADM-005|CL-004|CS-001|OPS-006,/tenant-branding,PB_ERR_TENANT_SCOPE_DENIED,automated test + audit row + log/metric sample where applicable,security + e2e,TST-SEC-B-007-PRIVACY,Security Reviewer + Backend Owner,REQUIRED_FOR_HANDOFF
PB-SEC-007-12,B-007,Branding / Theme,RATE,Abuse/rate-limit controls,V11,verify rate-limits for public and message surfaces,ADM-005|CL-004|CS-001|OPS-006,/tenant-branding,PB_ERR_TENANT_SCOPE_DENIED,automated test + audit row + log/metric sample where applicable,integration,TST-SEC-B-007-RATE,Security Reviewer + Backend Owner,REQUIRED_FOR_HANDOFF
PB-SEC-008-01,B-008,Onboarding Flow,AUTHN,Authentication boundary,V2,verify authenticated actor and expired/invalid token behavior,ADM-006|CL-001|CL-002|CL-003|OPS-005,/onboarding-flows,PB_ERR_TENANT_SCOPE_DENIED,automated test + audit row + log/metric sample where applicable,contract + integration,TST-SEC-B-008-AUTHN,Security Reviewer + Backend Owner,REQUIRED_FOR_HANDOFF
PB-SEC-008-02,B-008,Onboarding Flow,AUTHZ,Role/permission enforcement,V4,verify role matrix and forbidden transitions,ADM-006|CL-001|CL-002|CL-003|OPS-005,/onboarding-flows,PB_ERR_TENANT_SCOPE_DENIED,automated test + audit row + log/metric sample where applicable,unit + integration,TST-SEC-B-008-AUTHZ,Security Reviewer + Backend Owner,REQUIRED_FOR_HANDOFF
PB-SEC-008-03,B-008,Onboarding Flow,TENANT,Tenant isolation,V4,verify tenant_id scoping and cross-tenant denial,ADM-006|CL-001|CL-002|CL-003|OPS-005,/onboarding-flows,PB_ERR_TENANT_SCOPE_DENIED,automated test + audit row + log/metric sample where applicable,security + e2e,TST-SEC-B-008-TENANT,Security Reviewer + Backend Owner,REQUIRED_FOR_HANDOFF
PB-SEC-008-04,B-008,Onboarding Flow,RLS,Row-level security,V4,verify RLS denies cross-tenant read/write at DB layer,ADM-006|CL-001|CL-002|CL-003|OPS-005,/onboarding-flows,PB_ERR_TENANT_SCOPE_DENIED,automated test + audit row + log/metric sample where applicable,db security,TST-SEC-B-008-RLS,Security Reviewer + Backend Owner,REQUIRED_FOR_HANDOFF
PB-SEC-008-05,B-008,Onboarding Flow,INPUT,Input validation,V5,"verify schema, enum, size and unsafe content constraints",ADM-006|CL-001|CL-002|CL-003|OPS-005,/onboarding-flows,PB_ERR_TENANT_SCOPE_DENIED,automated test + audit row + log/metric sample where applicable,contract + property,TST-SEC-B-008-INPUT,Security Reviewer + Backend Owner,REQUIRED_FOR_HANDOFF
PB-SEC-008-06,B-008,Onboarding Flow,OUTPUT,Sensitive output filtering,V9,verify PII/minimized admin detail and no internal stack traces,ADM-006|CL-001|CL-002|CL-003|OPS-005,/onboarding-flows,PB_ERR_TENANT_SCOPE_DENIED,automated test + audit row + log/metric sample where applicable,security + snapshot,TST-SEC-B-008-OUTPUT,Security Reviewer + Backend Owner,REQUIRED_FOR_HANDOFF
PB-SEC-008-07,B-008,Onboarding Flow,AUDIT,Audit evidence,V10,verify mutation/denial/audit rows and correlation ids,ADM-006|CL-001|CL-002|CL-003|OPS-005,/onboarding-flows,PB_ERR_TENANT_SCOPE_DENIED,automated test + audit row + log/metric sample where applicable,integration,TST-SEC-B-008-AUDIT,Security Reviewer + Backend Owner,REQUIRED_FOR_HANDOFF
PB-SEC-008-08,B-008,Onboarding Flow,EVENT,Outbox/event integrity,V14,verify mutation+outbox same transaction and idempotent consumers,ADM-006|CL-001|CL-002|CL-003|OPS-005,/onboarding-flows,PB_ERR_TENANT_SCOPE_DENIED,automated test + audit row + log/metric sample where applicable,integration,TST-SEC-B-008-EVENT,Security Reviewer + Backend Owner,REQUIRED_FOR_HANDOFF
PB-SEC-008-09,B-008,Onboarding Flow,WEBHOOK,Webhook authenticity,V2/V4,verify signature/timestamp/replay protection,ADM-006|CL-001|CL-002|CL-003|OPS-005,/onboarding-flows,PB_ERR_TENANT_SCOPE_DENIED,automated test + audit row + log/metric sample where applicable,security + integration,TST-SEC-B-008-WEBHOOK,Security Reviewer + Backend Owner,REQUIRED_FOR_HANDOFF
PB-SEC-008-10,B-008,Onboarding Flow,ADMIN,Support/admin safeguards,V4/V10,"verify support-session reason, scoped access and audit",ADM-006|CL-001|CL-002|CL-003|OPS-005,/onboarding-flows,PB_ERR_TENANT_SCOPE_DENIED,automated test + audit row + log/metric sample where applicable,e2e + audit,TST-SEC-B-008-ADMIN,Security Reviewer + Backend Owner,REQUIRED_FOR_HANDOFF
PB-SEC-008-11,B-008,Onboarding Flow,PRIVACY,Consent and privacy boundary,V8/V9,verify consent/visibility rules and deletion/export flags,ADM-006|CL-001|CL-002|CL-003|OPS-005,/onboarding-flows,PB_ERR_TENANT_SCOPE_DENIED,automated test + audit row + log/metric sample where applicable,security + e2e,TST-SEC-B-008-PRIVACY,Security Reviewer + Backend Owner,REQUIRED_FOR_HANDOFF
PB-SEC-008-12,B-008,Onboarding Flow,RATE,Abuse/rate-limit controls,V11,verify rate-limits for public and message surfaces,ADM-006|CL-001|CL-002|CL-003|OPS-005,/onboarding-flows,PB_ERR_TENANT_SCOPE_DENIED,automated test + audit row + log/metric sample where applicable,integration,TST-SEC-B-008-RATE,Security Reviewer + Backend Owner,REQUIRED_FOR_HANDOFF
PB-SEC-009-01,B-009,Member Area / Client Portal,AUTHN,Authentication boundary,V2,verify authenticated actor and expired/invalid token behavior,CL-004|CL-005|CL-009|CL-015|OPS-003,/member-home,PB_ERR_TENANT_SCOPE_DENIED,automated test + audit row + log/metric sample where applicable,contract + integration,TST-SEC-B-009-AUTHN,Security Reviewer + Backend Owner,REQUIRED_FOR_HANDOFF
PB-SEC-009-02,B-009,Member Area / Client Portal,AUTHZ,Role/permission enforcement,V4,verify role matrix and forbidden transitions,CL-004|CL-005|CL-009|CL-015|OPS-003,/member-home,PB_ERR_TENANT_SCOPE_DENIED,automated test + audit row + log/metric sample where applicable,unit + integration,TST-SEC-B-009-AUTHZ,Security Reviewer + Backend Owner,REQUIRED_FOR_HANDOFF
PB-SEC-009-03,B-009,Member Area / Client Portal,TENANT,Tenant isolation,V4,verify tenant_id scoping and cross-tenant denial,CL-004|CL-005|CL-009|CL-015|OPS-003,/member-home,PB_ERR_TENANT_SCOPE_DENIED,automated test + audit row + log/metric sample where applicable,security + e2e,TST-SEC-B-009-TENANT,Security Reviewer + Backend Owner,REQUIRED_FOR_HANDOFF
PB-SEC-009-04,B-009,Member Area / Client Portal,RLS,Row-level security,V4,verify RLS denies cross-tenant read/write at DB layer,CL-004|CL-005|CL-009|CL-015|OPS-003,/member-home,PB_ERR_TENANT_SCOPE_DENIED,automated test + audit row + log/metric sample where applicable,db security,TST-SEC-B-009-RLS,Security Reviewer + Backend Owner,REQUIRED_FOR_HANDOFF
PB-SEC-009-05,B-009,Member Area / Client Portal,INPUT,Input validation,V5,"verify schema, enum, size and unsafe content constraints",CL-004|CL-005|CL-009|CL-015|OPS-003,/member-home,PB_ERR_TENANT_SCOPE_DENIED,automated test + audit row + log/metric sample where applicable,contract + property,TST-SEC-B-009-INPUT,Security Reviewer + Backend Owner,REQUIRED_FOR_HANDOFF
PB-SEC-009-06,B-009,Member Area / Client Portal,OUTPUT,Sensitive output filtering,V9,verify PII/minimized admin detail and no internal stack traces,CL-004|CL-005|CL-009|CL-015|OPS-003,/member-home,PB_ERR_TENANT_SCOPE_DENIED,automated test + audit row + log/metric sample where applicable,security + snapshot,TST-SEC-B-009-OUTPUT,Security Reviewer + Backend Owner,REQUIRED_FOR_HANDOFF
PB-SEC-009-07,B-009,Member Area / Client Portal,AUDIT,Audit evidence,V10,verify mutation/denial/audit rows and correlation ids,CL-004|CL-005|CL-009|CL-015|OPS-003,/member-home,PB_ERR_TENANT_SCOPE_DENIED,automated test + audit row + log/metric sample where applicable,integration,TST-SEC-B-009-AUDIT,Security Reviewer + Backend Owner,REQUIRED_FOR_HANDOFF
PB-SEC-009-08,B-009,Member Area / Client Portal,EVENT,Outbox/event integrity,V14,verify mutation+outbox same transaction and idempotent consumers,CL-004|CL-005|CL-009|CL-015|OPS-003,/member-home,PB_ERR_TENANT_SCOPE_DENIED,automated test + audit row + log/metric sample where applicable,integration,TST-SEC-B-009-EVENT,Security Reviewer + Backend Owner,REQUIRED_FOR_HANDOFF
PB-SEC-009-09,B-009,Member Area / Client Portal,WEBHOOK,Webhook authenticity,V2/V4,verify signature/timestamp/replay protection,CL-004|CL-005|CL-009|CL-015|OPS-003,/member-home,PB_ERR_TENANT_SCOPE_DENIED,automated test + audit row + log/metric sample where applicable,security + integration,TST-SEC-B-009-WEBHOOK,Security Reviewer + Backend Owner,REQUIRED_FOR_HANDOFF
PB-SEC-009-10,B-009,Member Area / Client Portal,ADMIN,Support/admin safeguards,V4/V10,"verify support-session reason, scoped access and audit",CL-004|CL-005|CL-009|CL-015|OPS-003,/member-home,PB_ERR_TENANT_SCOPE_DENIED,automated test + audit row + log/metric sample where applicable,e2e + audit,TST-SEC-B-009-ADMIN,Security Reviewer + Backend Owner,REQUIRED_FOR_HANDOFF
PB-SEC-009-11,B-009,Member Area / Client Portal,PRIVACY,Consent and privacy boundary,V8/V9,verify consent/visibility rules and deletion/export flags,CL-004|CL-005|CL-009|CL-015|OPS-003,/member-home,PB_ERR_TENANT_SCOPE_DENIED,automated test + audit row + log/metric sample where applicable,security + e2e,TST-SEC-B-009-PRIVACY,Security Reviewer + Backend Owner,REQUIRED_FOR_HANDOFF
PB-SEC-009-12,B-009,Member Area / Client Portal,RATE,Abuse/rate-limit controls,V11,verify rate-limits for public and message surfaces,CL-004|CL-005|CL-009|CL-015|OPS-003,/member-home,PB_ERR_TENANT_SCOPE_DENIED,automated test + audit row + log/metric sample where applicable,integration,TST-SEC-B-009-RATE,Security Reviewer + Backend Owner,REQUIRED_FOR_HANDOFF
PB-SEC-010-01,B-010,Journey Authoring / Versioning,AUTHN,Authentication boundary,V2,verify authenticated actor and expired/invalid token behavior,CS-007|CS-008|CS-009|OPS-006,/journeys,PB_ERR_TENANT_SCOPE_DENIED,automated test + audit row + log/metric sample where applicable,contract + integration,TST-SEC-B-010-AUTHN,Security Reviewer + Backend Owner,REQUIRED_FOR_HANDOFF
PB-SEC-010-02,B-010,Journey Authoring / Versioning,AUTHZ,Role/permission enforcement,V4,verify role matrix and forbidden transitions,CS-007|CS-008|CS-009|OPS-006,/journeys,PB_ERR_TENANT_SCOPE_DENIED,automated test + audit row + log/metric sample where applicable,unit + integration,TST-SEC-B-010-AUTHZ,Security Reviewer + Backend Owner,REQUIRED_FOR_HANDOFF
PB-SEC-010-03,B-010,Journey Authoring / Versioning,TENANT,Tenant isolation,V4,verify tenant_id scoping and cross-tenant denial,CS-007|CS-008|CS-009|OPS-006,/journeys,PB_ERR_TENANT_SCOPE_DENIED,automated test + audit row + log/metric sample where applicable,security + e2e,TST-SEC-B-010-TENANT,Security Reviewer + Backend Owner,REQUIRED_FOR_HANDOFF
PB-SEC-010-04,B-010,Journey Authoring / Versioning,RLS,Row-level security,V4,verify RLS denies cross-tenant read/write at DB layer,CS-007|CS-008|CS-009|OPS-006,/journeys,PB_ERR_TENANT_SCOPE_DENIED,automated test + audit row + log/metric sample where applicable,db security,TST-SEC-B-010-RLS,Security Reviewer + Backend Owner,REQUIRED_FOR_HANDOFF
PB-SEC-010-05,B-010,Journey Authoring / Versioning,INPUT,Input validation,V5,"verify schema, enum, size and unsafe content constraints",CS-007|CS-008|CS-009|OPS-006,/journeys,PB_ERR_TENANT_SCOPE_DENIED,automated test + audit row + log/metric sample where applicable,contract + property,TST-SEC-B-010-INPUT,Security Reviewer + Backend Owner,REQUIRED_FOR_HANDOFF
PB-SEC-010-06,B-010,Journey Authoring / Versioning,OUTPUT,Sensitive output filtering,V9,verify PII/minimized admin detail and no internal stack traces,CS-007|CS-008|CS-009|OPS-006,/journeys,PB_ERR_TENANT_SCOPE_DENIED,automated test + audit row + log/metric sample where applicable,security + snapshot,TST-SEC-B-010-OUTPUT,Security Reviewer + Backend Owner,REQUIRED_FOR_HANDOFF
PB-SEC-010-07,B-010,Journey Authoring / Versioning,AUDIT,Audit evidence,V10,verify mutation/denial/audit rows and correlation ids,CS-007|CS-008|CS-009|OPS-006,/journeys,PB_ERR_TENANT_SCOPE_DENIED,automated test + audit row + log/metric sample where applicable,integration,TST-SEC-B-010-AUDIT,Security Reviewer + Backend Owner,REQUIRED_FOR_HANDOFF
PB-SEC-010-08,B-010,Journey Authoring / Versioning,EVENT,Outbox/event integrity,V14,verify mutation+outbox same transaction and idempotent consumers,CS-007|CS-008|CS-009|OPS-006,/journeys,PB_ERR_TENANT_SCOPE_DENIED,automated test + audit row + log/metric sample where applicable,integration,TST-SEC-B-010-EVENT,Security Reviewer + Backend Owner,REQUIRED_FOR_HANDOFF
PB-SEC-010-09,B-010,Journey Authoring / Versioning,WEBHOOK,Webhook authenticity,V2/V4,verify signature/timestamp/replay protection,CS-007|CS-008|CS-009|OPS-006,/journeys,PB_ERR_TENANT_SCOPE_DENIED,automated test + audit row + log/metric sample where applicable,security + integration,TST-SEC-B-010-WEBHOOK,Security Reviewer + Backend Owner,REQUIRED_FOR_HANDOFF
PB-SEC-010-10,B-010,Journey Authoring / Versioning,ADMIN,Support/admin safeguards,V4/V10,"verify support-session reason, scoped access and audit",CS-007|CS-008|CS-009|OPS-006,/journeys,PB_ERR_TENANT_SCOPE_DENIED,automated test + audit row + log/metric sample where applicable,e2e + audit,TST-SEC-B-010-ADMIN,Security Reviewer + Backend Owner,REQUIRED_FOR_HANDOFF
PB-SEC-010-11,B-010,Journey Authoring / Versioning,PRIVACY,Consent and privacy boundary,V8/V9,verify consent/visibility rules and deletion/export flags,CS-007|CS-008|CS-009|OPS-006,/journeys,PB_ERR_TENANT_SCOPE_DENIED,automated test + audit row + log/metric sample where applicable,security + e2e,TST-SEC-B-010-PRIVACY,Security Reviewer + Backend Owner,REQUIRED_FOR_HANDOFF
PB-SEC-010-12,B-010,Journey Authoring / Versioning,RATE,Abuse/rate-limit controls,V11,verify rate-limits for public and message surfaces,CS-007|CS-008|CS-009|OPS-006,/journeys,PB_ERR_TENANT_SCOPE_DENIED,automated test + audit row + log/metric sample where applicable,integration,TST-SEC-B-010-RATE,Security Reviewer + Backend Owner,REQUIRED_FOR_HANDOFF
PB-SEC-011-01,B-011,Content Management / Delivery,AUTHN,Authentication boundary,V2,verify authenticated actor and expired/invalid token behavior,CS-010|CS-011|CL-009|CL-006|OPS-006,/content-spaces,PB_ERR_TENANT_SCOPE_DENIED,automated test + audit row + log/metric sample where applicable,contract + integration,TST-SEC-B-011-AUTHN,Security Reviewer + Backend Owner,REQUIRED_FOR_HANDOFF
PB-SEC-011-02,B-011,Content Management / Delivery,AUTHZ,Role/permission enforcement,V4,verify role matrix and forbidden transitions,CS-010|CS-011|CL-009|CL-006|OPS-006,/content-spaces,PB_ERR_TENANT_SCOPE_DENIED,automated test + audit row + log/metric sample where applicable,unit + integration,TST-SEC-B-011-AUTHZ,Security Reviewer + Backend Owner,REQUIRED_FOR_HANDOFF
PB-SEC-011-03,B-011,Content Management / Delivery,TENANT,Tenant isolation,V4,verify tenant_id scoping and cross-tenant denial,CS-010|CS-011|CL-009|CL-006|OPS-006,/content-spaces,PB_ERR_TENANT_SCOPE_DENIED,automated test + audit row + log/metric sample where applicable,security + e2e,TST-SEC-B-011-TENANT,Security Reviewer + Backend Owner,REQUIRED_FOR_HANDOFF
PB-SEC-011-04,B-011,Content Management / Delivery,RLS,Row-level security,V4,verify RLS denies cross-tenant read/write at DB layer,CS-010|CS-011|CL-009|CL-006|OPS-006,/content-spaces,PB_ERR_TENANT_SCOPE_DENIED,automated test + audit row + log/metric sample where applicable,db security,TST-SEC-B-011-RLS,Security Reviewer + Backend Owner,REQUIRED_FOR_HANDOFF
PB-SEC-011-05,B-011,Content Management / Delivery,INPUT,Input validation,V5,"verify schema, enum, size and unsafe content constraints",CS-010|CS-011|CL-009|CL-006|OPS-006,/content-spaces,PB_ERR_TENANT_SCOPE_DENIED,automated test + audit row + log/metric sample where applicable,contract + property,TST-SEC-B-011-INPUT,Security Reviewer + Backend Owner,REQUIRED_FOR_HANDOFF
PB-SEC-011-06,B-011,Content Management / Delivery,OUTPUT,Sensitive output filtering,V9,verify PII/minimized admin detail and no internal stack traces,CS-010|CS-011|CL-009|CL-006|OPS-006,/content-spaces,PB_ERR_TENANT_SCOPE_DENIED,automated test + audit row + log/metric sample where applicable,security + snapshot,TST-SEC-B-011-OUTPUT,Security Reviewer + Backend Owner,REQUIRED_FOR_HANDOFF
PB-SEC-011-07,B-011,Content Management / Delivery,AUDIT,Audit evidence,V10,verify mutation/denial/audit rows and correlation ids,CS-010|CS-011|CL-009|CL-006|OPS-006,/content-spaces,PB_ERR_TENANT_SCOPE_DENIED,automated test + audit row + log/metric sample where applicable,integration,TST-SEC-B-011-AUDIT,Security Reviewer + Backend Owner,REQUIRED_FOR_HANDOFF
PB-SEC-011-08,B-011,Content Management / Delivery,EVENT,Outbox/event integrity,V14,verify mutation+outbox same transaction and idempotent consumers,CS-010|CS-011|CL-009|CL-006|OPS-006,/content-spaces,PB_ERR_TENANT_SCOPE_DENIED,automated test + audit row + log/metric sample where applicable,integration,TST-SEC-B-011-EVENT,Security Reviewer + Backend Owner,REQUIRED_FOR_HANDOFF
PB-SEC-011-09,B-011,Content Management / Delivery,WEBHOOK,Webhook authenticity,V2/V4,verify signature/timestamp/replay protection,CS-010|CS-011|CL-009|CL-006|OPS-006,/content-spaces,PB_ERR_TENANT_SCOPE_DENIED,automated test + audit row + log/metric sample where applicable,security + integration,TST-SEC-B-011-WEBHOOK,Security Reviewer + Backend Owner,REQUIRED_FOR_HANDOFF
PB-SEC-011-10,B-011,Content Management / Delivery,ADMIN,Support/admin safeguards,V4/V10,"verify support-session reason, scoped access and audit",CS-010|CS-011|CL-009|CL-006|OPS-006,/content-spaces,PB_ERR_TENANT_SCOPE_DENIED,automated test + audit row + log/metric sample where applicable,e2e + audit,TST-SEC-B-011-ADMIN,Security Reviewer + Backend Owner,REQUIRED_FOR_HANDOFF
PB-SEC-011-11,B-011,Content Management / Delivery,PRIVACY,Consent and privacy boundary,V8/V9,verify consent/visibility rules and deletion/export flags,CS-010|CS-011|CL-009|CL-006|OPS-006,/content-spaces,PB_ERR_TENANT_SCOPE_DENIED,automated test + audit row + log/metric sample where applicable,security + e2e,TST-SEC-B-011-PRIVACY,Security Reviewer + Backend Owner,REQUIRED_FOR_HANDOFF
PB-SEC-011-12,B-011,Content Management / Delivery,RATE,Abuse/rate-limit controls,V11,verify rate-limits for public and message surfaces,CS-010|CS-011|CL-009|CL-006|OPS-006,/content-spaces,PB_ERR_TENANT_SCOPE_DENIED,automated test + audit row + log/metric sample where applicable,integration,TST-SEC-B-011-RATE,Security Reviewer + Backend Owner,REQUIRED_FOR_HANDOFF
PB-SEC-012-01,B-012,Assignment / Enrollment,AUTHN,Authentication boundary,V2,verify authenticated actor and expired/invalid token behavior,CS-005|CS-012|CS-013|CL-004|OPS-003,/assignments,PB_ERR_TENANT_SCOPE_DENIED,automated test + audit row + log/metric sample where applicable,contract + integration,TST-SEC-B-012-AUTHN,Security Reviewer + Backend Owner,REQUIRED_FOR_HANDOFF
PB-SEC-012-02,B-012,Assignment / Enrollment,AUTHZ,Role/permission enforcement,V4,verify role matrix and forbidden transitions,CS-005|CS-012|CS-013|CL-004|OPS-003,/assignments,PB_ERR_TENANT_SCOPE_DENIED,automated test + audit row + log/metric sample where applicable,unit + integration,TST-SEC-B-012-AUTHZ,Security Reviewer + Backend Owner,REQUIRED_FOR_HANDOFF
PB-SEC-012-03,B-012,Assignment / Enrollment,TENANT,Tenant isolation,V4,verify tenant_id scoping and cross-tenant denial,CS-005|CS-012|CS-013|CL-004|OPS-003,/assignments,PB_ERR_TENANT_SCOPE_DENIED,automated test + audit row + log/metric sample where applicable,security + e2e,TST-SEC-B-012-TENANT,Security Reviewer + Backend Owner,REQUIRED_FOR_HANDOFF
PB-SEC-012-04,B-012,Assignment / Enrollment,RLS,Row-level security,V4,verify RLS denies cross-tenant read/write at DB layer,CS-005|CS-012|CS-013|CL-004|OPS-003,/assignments,PB_ERR_TENANT_SCOPE_DENIED,automated test + audit row + log/metric sample where applicable,db security,TST-SEC-B-012-RLS,Security Reviewer + Backend Owner,REQUIRED_FOR_HANDOFF
PB-SEC-012-05,B-012,Assignment / Enrollment,INPUT,Input validation,V5,"verify schema, enum, size and unsafe content constraints",CS-005|CS-012|CS-013|CL-004|OPS-003,/assignments,PB_ERR_TENANT_SCOPE_DENIED,automated test + audit row + log/metric sample where applicable,contract + property,TST-SEC-B-012-INPUT,Security Reviewer + Backend Owner,REQUIRED_FOR_HANDOFF
PB-SEC-012-06,B-012,Assignment / Enrollment,OUTPUT,Sensitive output filtering,V9,verify PII/minimized admin detail and no internal stack traces,CS-005|CS-012|CS-013|CL-004|OPS-003,/assignments,PB_ERR_TENANT_SCOPE_DENIED,automated test + audit row + log/metric sample where applicable,security + snapshot,TST-SEC-B-012-OUTPUT,Security Reviewer + Backend Owner,REQUIRED_FOR_HANDOFF
PB-SEC-012-07,B-012,Assignment / Enrollment,AUDIT,Audit evidence,V10,verify mutation/denial/audit rows and correlation ids,CS-005|CS-012|CS-013|CL-004|OPS-003,/assignments,PB_ERR_TENANT_SCOPE_DENIED,automated test + audit row + log/metric sample where applicable,integration,TST-SEC-B-012-AUDIT,Security Reviewer + Backend Owner,REQUIRED_FOR_HANDOFF
PB-SEC-012-08,B-012,Assignment / Enrollment,EVENT,Outbox/event integrity,V14,verify mutation+outbox same transaction and idempotent consumers,CS-005|CS-012|CS-013|CL-004|OPS-003,/assignments,PB_ERR_TENANT_SCOPE_DENIED,automated test + audit row + log/metric sample where applicable,integration,TST-SEC-B-012-EVENT,Security Reviewer + Backend Owner,REQUIRED_FOR_HANDOFF
PB-SEC-012-09,B-012,Assignment / Enrollment,WEBHOOK,Webhook authenticity,V2/V4,verify signature/timestamp/replay protection,CS-005|CS-012|CS-013|CL-004|OPS-003,/assignments,PB_ERR_TENANT_SCOPE_DENIED,automated test + audit row + log/metric sample where applicable,security + integration,TST-SEC-B-012-WEBHOOK,Security Reviewer + Backend Owner,REQUIRED_FOR_HANDOFF
PB-SEC-012-10,B-012,Assignment / Enrollment,ADMIN,Support/admin safeguards,V4/V10,"verify support-session reason, scoped access and audit",CS-005|CS-012|CS-013|CL-004|OPS-003,/assignments,PB_ERR_TENANT_SCOPE_DENIED,automated test + audit row + log/metric sample where applicable,e2e + audit,TST-SEC-B-012-ADMIN,Security Reviewer + Backend Owner,REQUIRED_FOR_HANDOFF
PB-SEC-012-11,B-012,Assignment / Enrollment,PRIVACY,Consent and privacy boundary,V8/V9,verify consent/visibility rules and deletion/export flags,CS-005|CS-012|CS-013|CL-004|OPS-003,/assignments,PB_ERR_TENANT_SCOPE_DENIED,automated test + audit row + log/metric sample where applicable,security + e2e,TST-SEC-B-012-PRIVACY,Security Reviewer + Backend Owner,REQUIRED_FOR_HANDOFF
PB-SEC-012-12,B-012,Assignment / Enrollment,RATE,Abuse/rate-limit controls,V11,verify rate-limits for public and message surfaces,CS-005|CS-012|CS-013|CL-004|OPS-003,/assignments,PB_ERR_TENANT_SCOPE_DENIED,automated test + audit row + log/metric sample where applicable,integration,TST-SEC-B-012-RATE,Security Reviewer + Backend Owner,REQUIRED_FOR_HANDOFF
PB-SEC-013-01,B-013,Progress / Next Step,AUTHN,Authentication boundary,V2,verify authenticated actor and expired/invalid token behavior,CL-004|CL-006|CL-007|CL-008|CS-018,/progress,PB_ERR_TENANT_SCOPE_DENIED,automated test + audit row + log/metric sample where applicable,contract + integration,TST-SEC-B-013-AUTHN,Security Reviewer + Backend Owner,REQUIRED_FOR_HANDOFF
PB-SEC-013-02,B-013,Progress / Next Step,AUTHZ,Role/permission enforcement,V4,verify role matrix and forbidden transitions,CL-004|CL-006|CL-007|CL-008|CS-018,/progress,PB_ERR_TENANT_SCOPE_DENIED,automated test + audit row + log/metric sample where applicable,unit + integration,TST-SEC-B-013-AUTHZ,Security Reviewer + Backend Owner,REQUIRED_FOR_HANDOFF
PB-SEC-013-03,B-013,Progress / Next Step,TENANT,Tenant isolation,V4,verify tenant_id scoping and cross-tenant denial,CL-004|CL-006|CL-007|CL-008|CS-018,/progress,PB_ERR_TENANT_SCOPE_DENIED,automated test + audit row + log/metric sample where applicable,security + e2e,TST-SEC-B-013-TENANT,Security Reviewer + Backend Owner,REQUIRED_FOR_HANDOFF
PB-SEC-013-04,B-013,Progress / Next Step,RLS,Row-level security,V4,verify RLS denies cross-tenant read/write at DB layer,CL-004|CL-006|CL-007|CL-008|CS-018,/progress,PB_ERR_TENANT_SCOPE_DENIED,automated test + audit row + log/metric sample where applicable,db security,TST-SEC-B-013-RLS,Security Reviewer + Backend Owner,REQUIRED_FOR_HANDOFF
PB-SEC-013-05,B-013,Progress / Next Step,INPUT,Input validation,V5,"verify schema, enum, size and unsafe content constraints",CL-004|CL-006|CL-007|CL-008|CS-018,/progress,PB_ERR_TENANT_SCOPE_DENIED,automated test + audit row + log/metric sample where applicable,contract + property,TST-SEC-B-013-INPUT,Security Reviewer + Backend Owner,REQUIRED_FOR_HANDOFF
PB-SEC-013-06,B-013,Progress / Next Step,OUTPUT,Sensitive output filtering,V9,verify PII/minimized admin detail and no internal stack traces,CL-004|CL-006|CL-007|CL-008|CS-018,/progress,PB_ERR_TENANT_SCOPE_DENIED,automated test + audit row + log/metric sample where applicable,security + snapshot,TST-SEC-B-013-OUTPUT,Security Reviewer + Backend Owner,REQUIRED_FOR_HANDOFF
PB-SEC-013-07,B-013,Progress / Next Step,AUDIT,Audit evidence,V10,verify mutation/denial/audit rows and correlation ids,CL-004|CL-006|CL-007|CL-008|CS-018,/progress,PB_ERR_TENANT_SCOPE_DENIED,automated test + audit row + log/metric sample where applicable,integration,TST-SEC-B-013-AUDIT,Security Reviewer + Backend Owner,REQUIRED_FOR_HANDOFF
PB-SEC-013-08,B-013,Progress / Next Step,EVENT,Outbox/event integrity,V14,verify mutation+outbox same transaction and idempotent consumers,CL-004|CL-006|CL-007|CL-008|CS-018,/progress,PB_ERR_TENANT_SCOPE_DENIED,automated test + audit row + log/metric sample where applicable,integration,TST-SEC-B-013-EVENT,Security Reviewer + Backend Owner,REQUIRED_FOR_HANDOFF
PB-SEC-013-09,B-013,Progress / Next Step,WEBHOOK,Webhook authenticity,V2/V4,verify signature/timestamp/replay protection,CL-004|CL-006|CL-007|CL-008|CS-018,/progress,PB_ERR_TENANT_SCOPE_DENIED,automated test + audit row + log/metric sample where applicable,security + integration,TST-SEC-B-013-WEBHOOK,Security Reviewer + Backend Owner,REQUIRED_FOR_HANDOFF
PB-SEC-013-10,B-013,Progress / Next Step,ADMIN,Support/admin safeguards,V4/V10,"verify support-session reason, scoped access and audit",CL-004|CL-006|CL-007|CL-008|CS-018,/progress,PB_ERR_TENANT_SCOPE_DENIED,automated test + audit row + log/metric sample where applicable,e2e + audit,TST-SEC-B-013-ADMIN,Security Reviewer + Backend Owner,REQUIRED_FOR_HANDOFF
PB-SEC-013-11,B-013,Progress / Next Step,PRIVACY,Consent and privacy boundary,V8/V9,verify consent/visibility rules and deletion/export flags,CL-004|CL-006|CL-007|CL-008|CS-018,/progress,PB_ERR_TENANT_SCOPE_DENIED,automated test + audit row + log/metric sample where applicable,security + e2e,TST-SEC-B-013-PRIVACY,Security Reviewer + Backend Owner,REQUIRED_FOR_HANDOFF
PB-SEC-013-12,B-013,Progress / Next Step,RATE,Abuse/rate-limit controls,V11,verify rate-limits for public and message surfaces,CL-004|CL-006|CL-007|CL-008|CS-018,/progress,PB_ERR_TENANT_SCOPE_DENIED,automated test + audit row + log/metric sample where applicable,integration,TST-SEC-B-013-RATE,Security Reviewer + Backend Owner,REQUIRED_FOR_HANDOFF
PB-SEC-014-01,B-014,Notifications,AUTHN,Authentication boundary,V2,verify authenticated actor and expired/invalid token behavior,ADM-007|CL-015|OPS-008|OPS-009,/notifications,PB_ERR_TENANT_SCOPE_DENIED,automated test + audit row + log/metric sample where applicable,contract + integration,TST-SEC-B-014-AUTHN,Security Reviewer + Backend Owner,REQUIRED_FOR_HANDOFF
PB-SEC-014-02,B-014,Notifications,AUTHZ,Role/permission enforcement,V4,verify role matrix and forbidden transitions,ADM-007|CL-015|OPS-008|OPS-009,/notifications,PB_ERR_TENANT_SCOPE_DENIED,automated test + audit row + log/metric sample where applicable,unit + integration,TST-SEC-B-014-AUTHZ,Security Reviewer + Backend Owner,REQUIRED_FOR_HANDOFF
PB-SEC-014-03,B-014,Notifications,TENANT,Tenant isolation,V4,verify tenant_id scoping and cross-tenant denial,ADM-007|CL-015|OPS-008|OPS-009,/notifications,PB_ERR_TENANT_SCOPE_DENIED,automated test + audit row + log/metric sample where applicable,security + e2e,TST-SEC-B-014-TENANT,Security Reviewer + Backend Owner,REQUIRED_FOR_HANDOFF
PB-SEC-014-04,B-014,Notifications,RLS,Row-level security,V4,verify RLS denies cross-tenant read/write at DB layer,ADM-007|CL-015|OPS-008|OPS-009,/notifications,PB_ERR_TENANT_SCOPE_DENIED,automated test + audit row + log/metric sample where applicable,db security,TST-SEC-B-014-RLS,Security Reviewer + Backend Owner,REQUIRED_FOR_HANDOFF
PB-SEC-014-05,B-014,Notifications,INPUT,Input validation,V5,"verify schema, enum, size and unsafe content constraints",ADM-007|CL-015|OPS-008|OPS-009,/notifications,PB_ERR_TENANT_SCOPE_DENIED,automated test + audit row + log/metric sample where applicable,contract + property,TST-SEC-B-014-INPUT,Security Reviewer + Backend Owner,REQUIRED_FOR_HANDOFF
PB-SEC-014-06,B-014,Notifications,OUTPUT,Sensitive output filtering,V9,verify PII/minimized admin detail and no internal stack traces,ADM-007|CL-015|OPS-008|OPS-009,/notifications,PB_ERR_TENANT_SCOPE_DENIED,automated test + audit row + log/metric sample where applicable,security + snapshot,TST-SEC-B-014-OUTPUT,Security Reviewer + Backend Owner,REQUIRED_FOR_HANDOFF
PB-SEC-014-07,B-014,Notifications,AUDIT,Audit evidence,V10,verify mutation/denial/audit rows and correlation ids,ADM-007|CL-015|OPS-008|OPS-009,/notifications,PB_ERR_TENANT_SCOPE_DENIED,automated test + audit row + log/metric sample where applicable,integration,TST-SEC-B-014-AUDIT,Security Reviewer + Backend Owner,REQUIRED_FOR_HANDOFF
PB-SEC-014-08,B-014,Notifications,EVENT,Outbox/event integrity,V14,verify mutation+outbox same transaction and idempotent consumers,ADM-007|CL-015|OPS-008|OPS-009,/notifications,PB_ERR_TENANT_SCOPE_DENIED,automated test + audit row + log/metric sample where applicable,integration,TST-SEC-B-014-EVENT,Security Reviewer + Backend Owner,REQUIRED_FOR_HANDOFF
PB-SEC-014-09,B-014,Notifications,WEBHOOK,Webhook authenticity,V2/V4,verify signature/timestamp/replay protection,ADM-007|CL-015|OPS-008|OPS-009,/notifications,PB_ERR_TENANT_SCOPE_DENIED,automated test + audit row + log/metric sample where applicable,security + integration,TST-SEC-B-014-WEBHOOK,Security Reviewer + Backend Owner,REQUIRED_FOR_HANDOFF
PB-SEC-014-10,B-014,Notifications,ADMIN,Support/admin safeguards,V4/V10,"verify support-session reason, scoped access and audit",ADM-007|CL-015|OPS-008|OPS-009,/notifications,PB_ERR_TENANT_SCOPE_DENIED,automated test + audit row + log/metric sample where applicable,e2e + audit,TST-SEC-B-014-ADMIN,Security Reviewer + Backend Owner,REQUIRED_FOR_HANDOFF
PB-SEC-014-11,B-014,Notifications,PRIVACY,Consent and privacy boundary,V8/V9,verify consent/visibility rules and deletion/export flags,ADM-007|CL-015|OPS-008|OPS-009,/notifications,PB_ERR_TENANT_SCOPE_DENIED,automated test + audit row + log/metric sample where applicable,security + e2e,TST-SEC-B-014-PRIVACY,Security Reviewer + Backend Owner,REQUIRED_FOR_HANDOFF
PB-SEC-014-12,B-014,Notifications,RATE,Abuse/rate-limit controls,V11,verify rate-limits for public and message surfaces,ADM-007|CL-015|OPS-008|OPS-009,/notifications,PB_ERR_TENANT_SCOPE_DENIED,automated test + audit row + log/metric sample where applicable,integration,TST-SEC-B-014-RATE,Security Reviewer + Backend Owner,REQUIRED_FOR_HANDOFF
PB-SEC-015-01,B-015,Messaging / Coach Messages,AUTHN,Authentication boundary,V2,verify authenticated actor and expired/invalid token behavior,CS-014|CL-010|CS-015|OPS-006,/messages,PB_ERR_TENANT_SCOPE_DENIED,automated test + audit row + log/metric sample where applicable,contract + integration,TST-SEC-B-015-AUTHN,Security Reviewer + Backend Owner,REQUIRED_FOR_HANDOFF
PB-SEC-015-02,B-015,Messaging / Coach Messages,AUTHZ,Role/permission enforcement,V4,verify role matrix and forbidden transitions,CS-014|CL-010|CS-015|OPS-006,/messages,PB_ERR_TENANT_SCOPE_DENIED,automated test + audit row + log/metric sample where applicable,unit + integration,TST-SEC-B-015-AUTHZ,Security Reviewer + Backend Owner,REQUIRED_FOR_HANDOFF
PB-SEC-015-03,B-015,Messaging / Coach Messages,TENANT,Tenant isolation,V4,verify tenant_id scoping and cross-tenant denial,CS-014|CL-010|CS-015|OPS-006,/messages,PB_ERR_TENANT_SCOPE_DENIED,automated test + audit row + log/metric sample where applicable,security + e2e,TST-SEC-B-015-TENANT,Security Reviewer + Backend Owner,REQUIRED_FOR_HANDOFF
PB-SEC-015-04,B-015,Messaging / Coach Messages,RLS,Row-level security,V4,verify RLS denies cross-tenant read/write at DB layer,CS-014|CL-010|CS-015|OPS-006,/messages,PB_ERR_TENANT_SCOPE_DENIED,automated test + audit row + log/metric sample where applicable,db security,TST-SEC-B-015-RLS,Security Reviewer + Backend Owner,REQUIRED_FOR_HANDOFF
PB-SEC-015-05,B-015,Messaging / Coach Messages,INPUT,Input validation,V5,"verify schema, enum, size and unsafe content constraints",CS-014|CL-010|CS-015|OPS-006,/messages,PB_ERR_TENANT_SCOPE_DENIED,automated test + audit row + log/metric sample where applicable,contract + property,TST-SEC-B-015-INPUT,Security Reviewer + Backend Owner,REQUIRED_FOR_HANDOFF
PB-SEC-015-06,B-015,Messaging / Coach Messages,OUTPUT,Sensitive output filtering,V9,verify PII/minimized admin detail and no internal stack traces,CS-014|CL-010|CS-015|OPS-006,/messages,PB_ERR_TENANT_SCOPE_DENIED,automated test + audit row + log/metric sample where applicable,security + snapshot,TST-SEC-B-015-OUTPUT,Security Reviewer + Backend Owner,REQUIRED_FOR_HANDOFF
PB-SEC-015-07,B-015,Messaging / Coach Messages,AUDIT,Audit evidence,V10,verify mutation/denial/audit rows and correlation ids,CS-014|CL-010|CS-015|OPS-006,/messages,PB_ERR_TENANT_SCOPE_DENIED,automated test + audit row + log/metric sample where applicable,integration,TST-SEC-B-015-AUDIT,Security Reviewer + Backend Owner,REQUIRED_FOR_HANDOFF
PB-SEC-015-08,B-015,Messaging / Coach Messages,EVENT,Outbox/event integrity,V14,verify mutation+outbox same transaction and idempotent consumers,CS-014|CL-010|CS-015|OPS-006,/messages,PB_ERR_TENANT_SCOPE_DENIED,automated test + audit row + log/metric sample where applicable,integration,TST-SEC-B-015-EVENT,Security Reviewer + Backend Owner,REQUIRED_FOR_HANDOFF
PB-SEC-015-09,B-015,Messaging / Coach Messages,WEBHOOK,Webhook authenticity,V2/V4,verify signature/timestamp/replay protection,CS-014|CL-010|CS-015|OPS-006,/messages,PB_ERR_TENANT_SCOPE_DENIED,automated test + audit row + log/metric sample where applicable,security + integration,TST-SEC-B-015-WEBHOOK,Security Reviewer + Backend Owner,REQUIRED_FOR_HANDOFF
PB-SEC-015-10,B-015,Messaging / Coach Messages,ADMIN,Support/admin safeguards,V4/V10,"verify support-session reason, scoped access and audit",CS-014|CL-010|CS-015|OPS-006,/messages,PB_ERR_TENANT_SCOPE_DENIED,automated test + audit row + log/metric sample where applicable,e2e + audit,TST-SEC-B-015-ADMIN,Security Reviewer + Backend Owner,REQUIRED_FOR_HANDOFF
PB-SEC-015-11,B-015,Messaging / Coach Messages,PRIVACY,Consent and privacy boundary,V8/V9,verify consent/visibility rules and deletion/export flags,CS-014|CL-010|CS-015|OPS-006,/messages,PB_ERR_TENANT_SCOPE_DENIED,automated test + audit row + log/metric sample where applicable,security + e2e,TST-SEC-B-015-PRIVACY,Security Reviewer + Backend Owner,REQUIRED_FOR_HANDOFF
PB-SEC-015-12,B-015,Messaging / Coach Messages,RATE,Abuse/rate-limit controls,V11,verify rate-limits for public and message surfaces,CS-014|CL-010|CS-015|OPS-006,/messages,PB_ERR_TENANT_SCOPE_DENIED,automated test + audit row + log/metric sample where applicable,integration,TST-SEC-B-015-RATE,Security Reviewer + Backend Owner,REQUIRED_FOR_HANDOFF
PB-SEC-016-01,B-016,Community / Moderation,AUTHN,Authentication boundary,V2,verify authenticated actor and expired/invalid token behavior,ADM-008|CL-011|CS-016|OPS-009,/community,PB_ERR_TENANT_SCOPE_DENIED,automated test + audit row + log/metric sample where applicable,contract + integration,TST-SEC-B-016-AUTHN,Security Reviewer + Backend Owner,REQUIRED_FOR_HANDOFF
PB-SEC-016-02,B-016,Community / Moderation,AUTHZ,Role/permission enforcement,V4,verify role matrix and forbidden transitions,ADM-008|CL-011|CS-016|OPS-009,/community,PB_ERR_TENANT_SCOPE_DENIED,automated test + audit row + log/metric sample where applicable,unit + integration,TST-SEC-B-016-AUTHZ,Security Reviewer + Backend Owner,REQUIRED_FOR_HANDOFF
PB-SEC-016-03,B-016,Community / Moderation,TENANT,Tenant isolation,V4,verify tenant_id scoping and cross-tenant denial,ADM-008|CL-011|CS-016|OPS-009,/community,PB_ERR_TENANT_SCOPE_DENIED,automated test + audit row + log/metric sample where applicable,security + e2e,TST-SEC-B-016-TENANT,Security Reviewer + Backend Owner,REQUIRED_FOR_HANDOFF
PB-SEC-016-04,B-016,Community / Moderation,RLS,Row-level security,V4,verify RLS denies cross-tenant read/write at DB layer,ADM-008|CL-011|CS-016|OPS-009,/community,PB_ERR_TENANT_SCOPE_DENIED,automated test + audit row + log/metric sample where applicable,db security,TST-SEC-B-016-RLS,Security Reviewer + Backend Owner,REQUIRED_FOR_HANDOFF
PB-SEC-016-05,B-016,Community / Moderation,INPUT,Input validation,V5,"verify schema, enum, size and unsafe content constraints",ADM-008|CL-011|CS-016|OPS-009,/community,PB_ERR_TENANT_SCOPE_DENIED,automated test + audit row + log/metric sample where applicable,contract + property,TST-SEC-B-016-INPUT,Security Reviewer + Backend Owner,REQUIRED_FOR_HANDOFF
PB-SEC-016-06,B-016,Community / Moderation,OUTPUT,Sensitive output filtering,V9,verify PII/minimized admin detail and no internal stack traces,ADM-008|CL-011|CS-016|OPS-009,/community,PB_ERR_TENANT_SCOPE_DENIED,automated test + audit row + log/metric sample where applicable,security + snapshot,TST-SEC-B-016-OUTPUT,Security Reviewer + Backend Owner,REQUIRED_FOR_HANDOFF
PB-SEC-016-07,B-016,Community / Moderation,AUDIT,Audit evidence,V10,verify mutation/denial/audit rows and correlation ids,ADM-008|CL-011|CS-016|OPS-009,/community,PB_ERR_TENANT_SCOPE_DENIED,automated test + audit row + log/metric sample where applicable,integration,TST-SEC-B-016-AUDIT,Security Reviewer + Backend Owner,REQUIRED_FOR_HANDOFF
PB-SEC-016-08,B-016,Community / Moderation,EVENT,Outbox/event integrity,V14,verify mutation+outbox same transaction and idempotent consumers,ADM-008|CL-011|CS-016|OPS-009,/community,PB_ERR_TENANT_SCOPE_DENIED,automated test + audit row + log/metric sample where applicable,integration,TST-SEC-B-016-EVENT,Security Reviewer + Backend Owner,REQUIRED_FOR_HANDOFF
PB-SEC-016-09,B-016,Community / Moderation,WEBHOOK,Webhook authenticity,V2/V4,verify signature/timestamp/replay protection,ADM-008|CL-011|CS-016|OPS-009,/community,PB_ERR_TENANT_SCOPE_DENIED,automated test + audit row + log/metric sample where applicable,security + integration,TST-SEC-B-016-WEBHOOK,Security Reviewer + Backend Owner,REQUIRED_FOR_HANDOFF
PB-SEC-016-10,B-016,Community / Moderation,ADMIN,Support/admin safeguards,V4/V10,"verify support-session reason, scoped access and audit",ADM-008|CL-011|CS-016|OPS-009,/community,PB_ERR_TENANT_SCOPE_DENIED,automated test + audit row + log/metric sample where applicable,e2e + audit,TST-SEC-B-016-ADMIN,Security Reviewer + Backend Owner,REQUIRED_FOR_HANDOFF
PB-SEC-016-11,B-016,Community / Moderation,PRIVACY,Consent and privacy boundary,V8/V9,verify consent/visibility rules and deletion/export flags,ADM-008|CL-011|CS-016|OPS-009,/community,PB_ERR_TENANT_SCOPE_DENIED,automated test + audit row + log/metric sample where applicable,security + e2e,TST-SEC-B-016-PRIVACY,Security Reviewer + Backend Owner,REQUIRED_FOR_HANDOFF
PB-SEC-016-12,B-016,Community / Moderation,RATE,Abuse/rate-limit controls,V11,verify rate-limits for public and message surfaces,ADM-008|CL-011|CS-016|OPS-009,/community,PB_ERR_TENANT_SCOPE_DENIED,automated test + audit row + log/metric sample where applicable,integration,TST-SEC-B-016-RATE,Security Reviewer + Backend Owner,REQUIRED_FOR_HANDOFF
PB-SEC-017-01,B-017,Offers / Plans / Bundles / Tiers,AUTHN,Authentication boundary,V2,verify authenticated actor and expired/invalid token behavior,ADM-009|CS-017|PUB-004|OPS-004,/offers,PB_ERR_TENANT_SCOPE_DENIED,automated test + audit row + log/metric sample where applicable,contract + integration,TST-SEC-B-017-AUTHN,Security Reviewer + Backend Owner,REQUIRED_FOR_HANDOFF
PB-SEC-017-02,B-017,Offers / Plans / Bundles / Tiers,AUTHZ,Role/permission enforcement,V4,verify role matrix and forbidden transitions,ADM-009|CS-017|PUB-004|OPS-004,/offers,PB_ERR_TENANT_SCOPE_DENIED,automated test + audit row + log/metric sample where applicable,unit + integration,TST-SEC-B-017-AUTHZ,Security Reviewer + Backend Owner,REQUIRED_FOR_HANDOFF
PB-SEC-017-03,B-017,Offers / Plans / Bundles / Tiers,TENANT,Tenant isolation,V4,verify tenant_id scoping and cross-tenant denial,ADM-009|CS-017|PUB-004|OPS-004,/offers,PB_ERR_TENANT_SCOPE_DENIED,automated test + audit row + log/metric sample where applicable,security + e2e,TST-SEC-B-017-TENANT,Security Reviewer + Backend Owner,REQUIRED_FOR_HANDOFF
PB-SEC-017-04,B-017,Offers / Plans / Bundles / Tiers,RLS,Row-level security,V4,verify RLS denies cross-tenant read/write at DB layer,ADM-009|CS-017|PUB-004|OPS-004,/offers,PB_ERR_TENANT_SCOPE_DENIED,automated test + audit row + log/metric sample where applicable,db security,TST-SEC-B-017-RLS,Security Reviewer + Backend Owner,REQUIRED_FOR_HANDOFF
PB-SEC-017-05,B-017,Offers / Plans / Bundles / Tiers,INPUT,Input validation,V5,"verify schema, enum, size and unsafe content constraints",ADM-009|CS-017|PUB-004|OPS-004,/offers,PB_ERR_TENANT_SCOPE_DENIED,automated test + audit row + log/metric sample where applicable,contract + property,TST-SEC-B-017-INPUT,Security Reviewer + Backend Owner,REQUIRED_FOR_HANDOFF
PB-SEC-017-06,B-017,Offers / Plans / Bundles / Tiers,OUTPUT,Sensitive output filtering,V9,verify PII/minimized admin detail and no internal stack traces,ADM-009|CS-017|PUB-004|OPS-004,/offers,PB_ERR_TENANT_SCOPE_DENIED,automated test + audit row + log/metric sample where applicable,security + snapshot,TST-SEC-B-017-OUTPUT,Security Reviewer + Backend Owner,REQUIRED_FOR_HANDOFF
PB-SEC-017-07,B-017,Offers / Plans / Bundles / Tiers,AUDIT,Audit evidence,V10,verify mutation/denial/audit rows and correlation ids,ADM-009|CS-017|PUB-004|OPS-004,/offers,PB_ERR_TENANT_SCOPE_DENIED,automated test + audit row + log/metric sample where applicable,integration,TST-SEC-B-017-AUDIT,Security Reviewer + Backend Owner,REQUIRED_FOR_HANDOFF
PB-SEC-017-08,B-017,Offers / Plans / Bundles / Tiers,EVENT,Outbox/event integrity,V14,verify mutation+outbox same transaction and idempotent consumers,ADM-009|CS-017|PUB-004|OPS-004,/offers,PB_ERR_TENANT_SCOPE_DENIED,automated test + audit row + log/metric sample where applicable,integration,TST-SEC-B-017-EVENT,Security Reviewer + Backend Owner,REQUIRED_FOR_HANDOFF
PB-SEC-017-09,B-017,Offers / Plans / Bundles / Tiers,WEBHOOK,Webhook authenticity,V2/V4,verify signature/timestamp/replay protection,ADM-009|CS-017|PUB-004|OPS-004,/offers,PB_ERR_TENANT_SCOPE_DENIED,automated test + audit row + log/metric sample where applicable,security + integration,TST-SEC-B-017-WEBHOOK,Security Reviewer + Backend Owner,REQUIRED_FOR_HANDOFF
PB-SEC-017-10,B-017,Offers / Plans / Bundles / Tiers,ADMIN,Support/admin safeguards,V4/V10,"verify support-session reason, scoped access and audit",ADM-009|CS-017|PUB-004|OPS-004,/offers,PB_ERR_TENANT_SCOPE_DENIED,automated test + audit row + log/metric sample where applicable,e2e + audit,TST-SEC-B-017-ADMIN,Security Reviewer + Backend Owner,REQUIRED_FOR_HANDOFF
PB-SEC-017-11,B-017,Offers / Plans / Bundles / Tiers,PRIVACY,Consent and privacy boundary,V8/V9,verify consent/visibility rules and deletion/export flags,ADM-009|CS-017|PUB-004|OPS-004,/offers,PB_ERR_TENANT_SCOPE_DENIED,automated test + audit row + log/metric sample where applicable,security + e2e,TST-SEC-B-017-PRIVACY,Security Reviewer + Backend Owner,REQUIRED_FOR_HANDOFF
PB-SEC-017-12,B-017,Offers / Plans / Bundles / Tiers,RATE,Abuse/rate-limit controls,V11,verify rate-limits for public and message surfaces,ADM-009|CS-017|PUB-004|OPS-004,/offers,PB_ERR_TENANT_SCOPE_DENIED,automated test + audit row + log/metric sample where applicable,integration,TST-SEC-B-017-RATE,Security Reviewer + Backend Owner,REQUIRED_FOR_HANDOFF
PB-SEC-018-01,B-018,Coach Mobile Surface,AUTHN,Authentication boundary,V2,verify authenticated actor and expired/invalid token behavior,CSM-001|CSM-002|CS-014|CS-018,/coach/mobile-home,PB_ERR_TENANT_SCOPE_DENIED,automated test + audit row + log/metric sample where applicable,contract + integration,TST-SEC-B-018-AUTHN,Security Reviewer + Backend Owner,REQUIRED_FOR_HANDOFF
PB-SEC-018-02,B-018,Coach Mobile Surface,AUTHZ,Role/permission enforcement,V4,verify role matrix and forbidden transitions,CSM-001|CSM-002|CS-014|CS-018,/coach/mobile-home,PB_ERR_TENANT_SCOPE_DENIED,automated test + audit row + log/metric sample where applicable,unit + integration,TST-SEC-B-018-AUTHZ,Security Reviewer + Backend Owner,REQUIRED_FOR_HANDOFF
PB-SEC-018-03,B-018,Coach Mobile Surface,TENANT,Tenant isolation,V4,verify tenant_id scoping and cross-tenant denial,CSM-001|CSM-002|CS-014|CS-018,/coach/mobile-home,PB_ERR_TENANT_SCOPE_DENIED,automated test + audit row + log/metric sample where applicable,security + e2e,TST-SEC-B-018-TENANT,Security Reviewer + Backend Owner,REQUIRED_FOR_HANDOFF
PB-SEC-018-04,B-018,Coach Mobile Surface,RLS,Row-level security,V4,verify RLS denies cross-tenant read/write at DB layer,CSM-001|CSM-002|CS-014|CS-018,/coach/mobile-home,PB_ERR_TENANT_SCOPE_DENIED,automated test + audit row + log/metric sample where applicable,db security,TST-SEC-B-018-RLS,Security Reviewer + Backend Owner,REQUIRED_FOR_HANDOFF
PB-SEC-018-05,B-018,Coach Mobile Surface,INPUT,Input validation,V5,"verify schema, enum, size and unsafe content constraints",CSM-001|CSM-002|CS-014|CS-018,/coach/mobile-home,PB_ERR_TENANT_SCOPE_DENIED,automated test + audit row + log/metric sample where applicable,contract + property,TST-SEC-B-018-INPUT,Security Reviewer + Backend Owner,REQUIRED_FOR_HANDOFF
PB-SEC-018-06,B-018,Coach Mobile Surface,OUTPUT,Sensitive output filtering,V9,verify PII/minimized admin detail and no internal stack traces,CSM-001|CSM-002|CS-014|CS-018,/coach/mobile-home,PB_ERR_TENANT_SCOPE_DENIED,automated test + audit row + log/metric sample where applicable,security + snapshot,TST-SEC-B-018-OUTPUT,Security Reviewer + Backend Owner,REQUIRED_FOR_HANDOFF
PB-SEC-018-07,B-018,Coach Mobile Surface,AUDIT,Audit evidence,V10,verify mutation/denial/audit rows and correlation ids,CSM-001|CSM-002|CS-014|CS-018,/coach/mobile-home,PB_ERR_TENANT_SCOPE_DENIED,automated test + audit row + log/metric sample where applicable,integration,TST-SEC-B-018-AUDIT,Security Reviewer + Backend Owner,REQUIRED_FOR_HANDOFF
PB-SEC-018-08,B-018,Coach Mobile Surface,EVENT,Outbox/event integrity,V14,verify mutation+outbox same transaction and idempotent consumers,CSM-001|CSM-002|CS-014|CS-018,/coach/mobile-home,PB_ERR_TENANT_SCOPE_DENIED,automated test + audit row + log/metric sample where applicable,integration,TST-SEC-B-018-EVENT,Security Reviewer + Backend Owner,REQUIRED_FOR_HANDOFF
PB-SEC-018-09,B-018,Coach Mobile Surface,WEBHOOK,Webhook authenticity,V2/V4,verify signature/timestamp/replay protection,CSM-001|CSM-002|CS-014|CS-018,/coach/mobile-home,PB_ERR_TENANT_SCOPE_DENIED,automated test + audit row + log/metric sample where applicable,security + integration,TST-SEC-B-018-WEBHOOK,Security Reviewer + Backend Owner,REQUIRED_FOR_HANDOFF
PB-SEC-018-10,B-018,Coach Mobile Surface,ADMIN,Support/admin safeguards,V4/V10,"verify support-session reason, scoped access and audit",CSM-001|CSM-002|CS-014|CS-018,/coach/mobile-home,PB_ERR_TENANT_SCOPE_DENIED,automated test + audit row + log/metric sample where applicable,e2e + audit,TST-SEC-B-018-ADMIN,Security Reviewer + Backend Owner,REQUIRED_FOR_HANDOFF
PB-SEC-018-11,B-018,Coach Mobile Surface,PRIVACY,Consent and privacy boundary,V8/V9,verify consent/visibility rules and deletion/export flags,CSM-001|CSM-002|CS-014|CS-018,/coach/mobile-home,PB_ERR_TENANT_SCOPE_DENIED,automated test + audit row + log/metric sample where applicable,security + e2e,TST-SEC-B-018-PRIVACY,Security Reviewer + Backend Owner,REQUIRED_FOR_HANDOFF
PB-SEC-018-12,B-018,Coach Mobile Surface,RATE,Abuse/rate-limit controls,V11,verify rate-limits for public and message surfaces,CSM-001|CSM-002|CS-014|CS-018,/coach/mobile-home,PB_ERR_TENANT_SCOPE_DENIED,automated test + audit row + log/metric sample where applicable,integration,TST-SEC-B-018-RATE,Security Reviewer + Backend Owner,REQUIRED_FOR_HANDOFF
PB-SEC-019-01,B-019,Lead / Prospect CRM,AUTHN,Authentication boundary,V2,verify authenticated actor and expired/invalid token behavior,PUB-002|CS-002|CS-003,/leads,PB_ERR_TENANT_SCOPE_DENIED,automated test + audit row + log/metric sample where applicable,contract + integration,TST-SEC-B-019-AUTHN,Security Reviewer + Backend Owner,REQUIRED_FOR_HANDOFF
PB-SEC-019-02,B-019,Lead / Prospect CRM,AUTHZ,Role/permission enforcement,V4,verify role matrix and forbidden transitions,PUB-002|CS-002|CS-003,/leads,PB_ERR_TENANT_SCOPE_DENIED,automated test + audit row + log/metric sample where applicable,unit + integration,TST-SEC-B-019-AUTHZ,Security Reviewer + Backend Owner,REQUIRED_FOR_HANDOFF
PB-SEC-019-03,B-019,Lead / Prospect CRM,TENANT,Tenant isolation,V4,verify tenant_id scoping and cross-tenant denial,PUB-002|CS-002|CS-003,/leads,PB_ERR_TENANT_SCOPE_DENIED,automated test + audit row + log/metric sample where applicable,security + e2e,TST-SEC-B-019-TENANT,Security Reviewer + Backend Owner,REQUIRED_FOR_HANDOFF
PB-SEC-019-04,B-019,Lead / Prospect CRM,RLS,Row-level security,V4,verify RLS denies cross-tenant read/write at DB layer,PUB-002|CS-002|CS-003,/leads,PB_ERR_TENANT_SCOPE_DENIED,automated test + audit row + log/metric sample where applicable,db security,TST-SEC-B-019-RLS,Security Reviewer + Backend Owner,REQUIRED_FOR_HANDOFF
PB-SEC-019-05,B-019,Lead / Prospect CRM,INPUT,Input validation,V5,"verify schema, enum, size and unsafe content constraints",PUB-002|CS-002|CS-003,/leads,PB_ERR_TENANT_SCOPE_DENIED,automated test + audit row + log/metric sample where applicable,contract + property,TST-SEC-B-019-INPUT,Security Reviewer + Backend Owner,REQUIRED_FOR_HANDOFF
PB-SEC-019-06,B-019,Lead / Prospect CRM,OUTPUT,Sensitive output filtering,V9,verify PII/minimized admin detail and no internal stack traces,PUB-002|CS-002|CS-003,/leads,PB_ERR_TENANT_SCOPE_DENIED,automated test + audit row + log/metric sample where applicable,security + snapshot,TST-SEC-B-019-OUTPUT,Security Reviewer + Backend Owner,REQUIRED_FOR_HANDOFF
PB-SEC-019-07,B-019,Lead / Prospect CRM,AUDIT,Audit evidence,V10,verify mutation/denial/audit rows and correlation ids,PUB-002|CS-002|CS-003,/leads,PB_ERR_TENANT_SCOPE_DENIED,automated test + audit row + log/metric sample where applicable,integration,TST-SEC-B-019-AUDIT,Security Reviewer + Backend Owner,REQUIRED_FOR_HANDOFF
PB-SEC-019-08,B-019,Lead / Prospect CRM,EVENT,Outbox/event integrity,V14,verify mutation+outbox same transaction and idempotent consumers,PUB-002|CS-002|CS-003,/leads,PB_ERR_TENANT_SCOPE_DENIED,automated test + audit row + log/metric sample where applicable,integration,TST-SEC-B-019-EVENT,Security Reviewer + Backend Owner,REQUIRED_FOR_HANDOFF
PB-SEC-019-09,B-019,Lead / Prospect CRM,WEBHOOK,Webhook authenticity,V2/V4,verify signature/timestamp/replay protection,PUB-002|CS-002|CS-003,/leads,PB_ERR_TENANT_SCOPE_DENIED,automated test + audit row + log/metric sample where applicable,security + integration,TST-SEC-B-019-WEBHOOK,Security Reviewer + Backend Owner,REQUIRED_FOR_HANDOFF
PB-SEC-019-10,B-019,Lead / Prospect CRM,ADMIN,Support/admin safeguards,V4/V10,"verify support-session reason, scoped access and audit",PUB-002|CS-002|CS-003,/leads,PB_ERR_TENANT_SCOPE_DENIED,automated test + audit row + log/metric sample where applicable,e2e + audit,TST-SEC-B-019-ADMIN,Security Reviewer + Backend Owner,REQUIRED_FOR_HANDOFF
PB-SEC-019-11,B-019,Lead / Prospect CRM,PRIVACY,Consent and privacy boundary,V8/V9,verify consent/visibility rules and deletion/export flags,PUB-002|CS-002|CS-003,/leads,PB_ERR_TENANT_SCOPE_DENIED,automated test + audit row + log/metric sample where applicable,security + e2e,TST-SEC-B-019-PRIVACY,Security Reviewer + Backend Owner,REQUIRED_FOR_HANDOFF
PB-SEC-019-12,B-019,Lead / Prospect CRM,RATE,Abuse/rate-limit controls,V11,verify rate-limits for public and message surfaces,PUB-002|CS-002|CS-003,/leads,PB_ERR_TENANT_SCOPE_DENIED,automated test + audit row + log/metric sample where applicable,integration,TST-SEC-B-019-RATE,Security Reviewer + Backend Owner,REQUIRED_FOR_HANDOFF
PB-SEC-020-01,B-020,Sales Pipeline,AUTHN,Authentication boundary,V2,verify authenticated actor and expired/invalid token behavior,CS-003|CS-002|CS-018,/pipeline,PB_ERR_TENANT_SCOPE_DENIED,automated test + audit row + log/metric sample where applicable,contract + integration,TST-SEC-B-020-AUTHN,Security Reviewer + Backend Owner,REQUIRED_FOR_HANDOFF
PB-SEC-020-02,B-020,Sales Pipeline,AUTHZ,Role/permission enforcement,V4,verify role matrix and forbidden transitions,CS-003|CS-002|CS-018,/pipeline,PB_ERR_TENANT_SCOPE_DENIED,automated test + audit row + log/metric sample where applicable,unit + integration,TST-SEC-B-020-AUTHZ,Security Reviewer + Backend Owner,REQUIRED_FOR_HANDOFF
PB-SEC-020-03,B-020,Sales Pipeline,TENANT,Tenant isolation,V4,verify tenant_id scoping and cross-tenant denial,CS-003|CS-002|CS-018,/pipeline,PB_ERR_TENANT_SCOPE_DENIED,automated test + audit row + log/metric sample where applicable,security + e2e,TST-SEC-B-020-TENANT,Security Reviewer + Backend Owner,REQUIRED_FOR_HANDOFF
PB-SEC-020-04,B-020,Sales Pipeline,RLS,Row-level security,V4,verify RLS denies cross-tenant read/write at DB layer,CS-003|CS-002|CS-018,/pipeline,PB_ERR_TENANT_SCOPE_DENIED,automated test + audit row + log/metric sample where applicable,db security,TST-SEC-B-020-RLS,Security Reviewer + Backend Owner,REQUIRED_FOR_HANDOFF
PB-SEC-020-05,B-020,Sales Pipeline,INPUT,Input validation,V5,"verify schema, enum, size and unsafe content constraints",CS-003|CS-002|CS-018,/pipeline,PB_ERR_TENANT_SCOPE_DENIED,automated test + audit row + log/metric sample where applicable,contract + property,TST-SEC-B-020-INPUT,Security Reviewer + Backend Owner,REQUIRED_FOR_HANDOFF
PB-SEC-020-06,B-020,Sales Pipeline,OUTPUT,Sensitive output filtering,V9,verify PII/minimized admin detail and no internal stack traces,CS-003|CS-002|CS-018,/pipeline,PB_ERR_TENANT_SCOPE_DENIED,automated test + audit row + log/metric sample where applicable,security + snapshot,TST-SEC-B-020-OUTPUT,Security Reviewer + Backend Owner,REQUIRED_FOR_HANDOFF
PB-SEC-020-07,B-020,Sales Pipeline,AUDIT,Audit evidence,V10,verify mutation/denial/audit rows and correlation ids,CS-003|CS-002|CS-018,/pipeline,PB_ERR_TENANT_SCOPE_DENIED,automated test + audit row + log/metric sample where applicable,integration,TST-SEC-B-020-AUDIT,Security Reviewer + Backend Owner,REQUIRED_FOR_HANDOFF
PB-SEC-020-08,B-020,Sales Pipeline,EVENT,Outbox/event integrity,V14,verify mutation+outbox same transaction and idempotent consumers,CS-003|CS-002|CS-018,/pipeline,PB_ERR_TENANT_SCOPE_DENIED,automated test + audit row + log/metric sample where applicable,integration,TST-SEC-B-020-EVENT,Security Reviewer + Backend Owner,REQUIRED_FOR_HANDOFF
PB-SEC-020-09,B-020,Sales Pipeline,WEBHOOK,Webhook authenticity,V2/V4,verify signature/timestamp/replay protection,CS-003|CS-002|CS-018,/pipeline,PB_ERR_TENANT_SCOPE_DENIED,automated test + audit row + log/metric sample where applicable,security + integration,TST-SEC-B-020-WEBHOOK,Security Reviewer + Backend Owner,REQUIRED_FOR_HANDOFF
PB-SEC-020-10,B-020,Sales Pipeline,ADMIN,Support/admin safeguards,V4/V10,"verify support-session reason, scoped access and audit",CS-003|CS-002|CS-018,/pipeline,PB_ERR_TENANT_SCOPE_DENIED,automated test + audit row + log/metric sample where applicable,e2e + audit,TST-SEC-B-020-ADMIN,Security Reviewer + Backend Owner,REQUIRED_FOR_HANDOFF
PB-SEC-020-11,B-020,Sales Pipeline,PRIVACY,Consent and privacy boundary,V8/V9,verify consent/visibility rules and deletion/export flags,CS-003|CS-002|CS-018,/pipeline,PB_ERR_TENANT_SCOPE_DENIED,automated test + audit row + log/metric sample where applicable,security + e2e,TST-SEC-B-020-PRIVACY,Security Reviewer + Backend Owner,REQUIRED_FOR_HANDOFF
PB-SEC-020-12,B-020,Sales Pipeline,RATE,Abuse/rate-limit controls,V11,verify rate-limits for public and message surfaces,CS-003|CS-002|CS-018,/pipeline,PB_ERR_TENANT_SCOPE_DENIED,automated test + audit row + log/metric sample where applicable,integration,TST-SEC-B-020-RATE,Security Reviewer + Backend Owner,REQUIRED_FOR_HANDOFF
PB-SEC-021-01,B-021,Discovery Call Booking,AUTHN,Authentication boundary,V2,verify authenticated actor and expired/invalid token behavior,PUB-003|CS-004|CL-013,/booking-requests,PB_ERR_TENANT_SCOPE_DENIED,automated test + audit row + log/metric sample where applicable,contract + integration,TST-SEC-B-021-AUTHN,Security Reviewer + Backend Owner,REQUIRED_FOR_HANDOFF
PB-SEC-021-02,B-021,Discovery Call Booking,AUTHZ,Role/permission enforcement,V4,verify role matrix and forbidden transitions,PUB-003|CS-004|CL-013,/booking-requests,PB_ERR_TENANT_SCOPE_DENIED,automated test + audit row + log/metric sample where applicable,unit + integration,TST-SEC-B-021-AUTHZ,Security Reviewer + Backend Owner,REQUIRED_FOR_HANDOFF
PB-SEC-021-03,B-021,Discovery Call Booking,TENANT,Tenant isolation,V4,verify tenant_id scoping and cross-tenant denial,PUB-003|CS-004|CL-013,/booking-requests,PB_ERR_TENANT_SCOPE_DENIED,automated test + audit row + log/metric sample where applicable,security + e2e,TST-SEC-B-021-TENANT,Security Reviewer + Backend Owner,REQUIRED_FOR_HANDOFF
PB-SEC-021-04,B-021,Discovery Call Booking,RLS,Row-level security,V4,verify RLS denies cross-tenant read/write at DB layer,PUB-003|CS-004|CL-013,/booking-requests,PB_ERR_TENANT_SCOPE_DENIED,automated test + audit row + log/metric sample where applicable,db security,TST-SEC-B-021-RLS,Security Reviewer + Backend Owner,REQUIRED_FOR_HANDOFF
PB-SEC-021-05,B-021,Discovery Call Booking,INPUT,Input validation,V5,"verify schema, enum, size and unsafe content constraints",PUB-003|CS-004|CL-013,/booking-requests,PB_ERR_TENANT_SCOPE_DENIED,automated test + audit row + log/metric sample where applicable,contract + property,TST-SEC-B-021-INPUT,Security Reviewer + Backend Owner,REQUIRED_FOR_HANDOFF
PB-SEC-021-06,B-021,Discovery Call Booking,OUTPUT,Sensitive output filtering,V9,verify PII/minimized admin detail and no internal stack traces,PUB-003|CS-004|CL-013,/booking-requests,PB_ERR_TENANT_SCOPE_DENIED,automated test + audit row + log/metric sample where applicable,security + snapshot,TST-SEC-B-021-OUTPUT,Security Reviewer + Backend Owner,REQUIRED_FOR_HANDOFF
PB-SEC-021-07,B-021,Discovery Call Booking,AUDIT,Audit evidence,V10,verify mutation/denial/audit rows and correlation ids,PUB-003|CS-004|CL-013,/booking-requests,PB_ERR_TENANT_SCOPE_DENIED,automated test + audit row + log/metric sample where applicable,integration,TST-SEC-B-021-AUDIT,Security Reviewer + Backend Owner,REQUIRED_FOR_HANDOFF
PB-SEC-021-08,B-021,Discovery Call Booking,EVENT,Outbox/event integrity,V14,verify mutation+outbox same transaction and idempotent consumers,PUB-003|CS-004|CL-013,/booking-requests,PB_ERR_TENANT_SCOPE_DENIED,automated test + audit row + log/metric sample where applicable,integration,TST-SEC-B-021-EVENT,Security Reviewer + Backend Owner,REQUIRED_FOR_HANDOFF
PB-SEC-021-09,B-021,Discovery Call Booking,WEBHOOK,Webhook authenticity,V2/V4,verify signature/timestamp/replay protection,PUB-003|CS-004|CL-013,/booking-requests,PB_ERR_TENANT_SCOPE_DENIED,automated test + audit row + log/metric sample where applicable,security + integration,TST-SEC-B-021-WEBHOOK,Security Reviewer + Backend Owner,REQUIRED_FOR_HANDOFF
PB-SEC-021-10,B-021,Discovery Call Booking,ADMIN,Support/admin safeguards,V4/V10,"verify support-session reason, scoped access and audit",PUB-003|CS-004|CL-013,/booking-requests,PB_ERR_TENANT_SCOPE_DENIED,automated test + audit row + log/metric sample where applicable,e2e + audit,TST-SEC-B-021-ADMIN,Security Reviewer + Backend Owner,REQUIRED_FOR_HANDOFF
PB-SEC-021-11,B-021,Discovery Call Booking,PRIVACY,Consent and privacy boundary,V8/V9,verify consent/visibility rules and deletion/export flags,PUB-003|CS-004|CL-013,/booking-requests,PB_ERR_TENANT_SCOPE_DENIED,automated test + audit row + log/metric sample where applicable,security + e2e,TST-SEC-B-021-PRIVACY,Security Reviewer + Backend Owner,REQUIRED_FOR_HANDOFF
PB-SEC-021-12,B-021,Discovery Call Booking,RATE,Abuse/rate-limit controls,V11,verify rate-limits for public and message surfaces,PUB-003|CS-004|CL-013,/booking-requests,PB_ERR_TENANT_SCOPE_DENIED,automated test + audit row + log/metric sample where applicable,integration,TST-SEC-B-021-RATE,Security Reviewer + Backend Owner,REQUIRED_FOR_HANDOFF
PB-SEC-022-01,B-022,Checkout / Payment,AUTHN,Authentication boundary,V2,verify authenticated actor and expired/invalid token behavior,PUB-004|OPS-010|OPS-004,/checkout-sessions,PB_ERR_TENANT_SCOPE_DENIED,automated test + audit row + log/metric sample where applicable,contract + integration,TST-SEC-B-022-AUTHN,Security Reviewer + Backend Owner,REQUIRED_FOR_HANDOFF
PB-SEC-022-02,B-022,Checkout / Payment,AUTHZ,Role/permission enforcement,V4,verify role matrix and forbidden transitions,PUB-004|OPS-010|OPS-004,/checkout-sessions,PB_ERR_TENANT_SCOPE_DENIED,automated test + audit row + log/metric sample where applicable,unit + integration,TST-SEC-B-022-AUTHZ,Security Reviewer + Backend Owner,REQUIRED_FOR_HANDOFF
PB-SEC-022-03,B-022,Checkout / Payment,TENANT,Tenant isolation,V4,verify tenant_id scoping and cross-tenant denial,PUB-004|OPS-010|OPS-004,/checkout-sessions,PB_ERR_TENANT_SCOPE_DENIED,automated test + audit row + log/metric sample where applicable,security + e2e,TST-SEC-B-022-TENANT,Security Reviewer + Backend Owner,REQUIRED_FOR_HANDOFF
PB-SEC-022-04,B-022,Checkout / Payment,RLS,Row-level security,V4,verify RLS denies cross-tenant read/write at DB layer,PUB-004|OPS-010|OPS-004,/checkout-sessions,PB_ERR_TENANT_SCOPE_DENIED,automated test + audit row + log/metric sample where applicable,db security,TST-SEC-B-022-RLS,Security Reviewer + Backend Owner,REQUIRED_FOR_HANDOFF
PB-SEC-022-05,B-022,Checkout / Payment,INPUT,Input validation,V5,"verify schema, enum, size and unsafe content constraints",PUB-004|OPS-010|OPS-004,/checkout-sessions,PB_ERR_TENANT_SCOPE_DENIED,automated test + audit row + log/metric sample where applicable,contract + property,TST-SEC-B-022-INPUT,Security Reviewer + Backend Owner,REQUIRED_FOR_HANDOFF
PB-SEC-022-06,B-022,Checkout / Payment,OUTPUT,Sensitive output filtering,V9,verify PII/minimized admin detail and no internal stack traces,PUB-004|OPS-010|OPS-004,/checkout-sessions,PB_ERR_TENANT_SCOPE_DENIED,automated test + audit row + log/metric sample where applicable,security + snapshot,TST-SEC-B-022-OUTPUT,Security Reviewer + Backend Owner,REQUIRED_FOR_HANDOFF
PB-SEC-022-07,B-022,Checkout / Payment,AUDIT,Audit evidence,V10,verify mutation/denial/audit rows and correlation ids,PUB-004|OPS-010|OPS-004,/checkout-sessions,PB_ERR_TENANT_SCOPE_DENIED,automated test + audit row + log/metric sample where applicable,integration,TST-SEC-B-022-AUDIT,Security Reviewer + Backend Owner,REQUIRED_FOR_HANDOFF
PB-SEC-022-08,B-022,Checkout / Payment,EVENT,Outbox/event integrity,V14,verify mutation+outbox same transaction and idempotent consumers,PUB-004|OPS-010|OPS-004,/checkout-sessions,PB_ERR_TENANT_SCOPE_DENIED,automated test + audit row + log/metric sample where applicable,integration,TST-SEC-B-022-EVENT,Security Reviewer + Backend Owner,REQUIRED_FOR_HANDOFF
PB-SEC-022-09,B-022,Checkout / Payment,WEBHOOK,Webhook authenticity,V2/V4,verify signature/timestamp/replay protection,PUB-004|OPS-010|OPS-004,/checkout-sessions,PB_ERR_TENANT_SCOPE_DENIED,automated test + audit row + log/metric sample where applicable,security + integration,TST-SEC-B-022-WEBHOOK,Security Reviewer + Backend Owner,REQUIRED_FOR_HANDOFF
PB-SEC-022-10,B-022,Checkout / Payment,ADMIN,Support/admin safeguards,V4/V10,"verify support-session reason, scoped access and audit",PUB-004|OPS-010|OPS-004,/checkout-sessions,PB_ERR_TENANT_SCOPE_DENIED,automated test + audit row + log/metric sample where applicable,e2e + audit,TST-SEC-B-022-ADMIN,Security Reviewer + Backend Owner,REQUIRED_FOR_HANDOFF
PB-SEC-022-11,B-022,Checkout / Payment,PRIVACY,Consent and privacy boundary,V8/V9,verify consent/visibility rules and deletion/export flags,PUB-004|OPS-010|OPS-004,/checkout-sessions,PB_ERR_TENANT_SCOPE_DENIED,automated test + audit row + log/metric sample where applicable,security + e2e,TST-SEC-B-022-PRIVACY,Security Reviewer + Backend Owner,REQUIRED_FOR_HANDOFF
PB-SEC-022-12,B-022,Checkout / Payment,RATE,Abuse/rate-limit controls,V11,verify rate-limits for public and message surfaces,PUB-004|OPS-010|OPS-004,/checkout-sessions,PB_ERR_TENANT_SCOPE_DENIED,automated test + audit row + log/metric sample where applicable,integration,TST-SEC-B-022-RATE,Security Reviewer + Backend Owner,REQUIRED_FOR_HANDOFF
PB-SEC-023-01,B-023,Agreement / Contract Status,AUTHN,Authentication boundary,V2,verify authenticated actor and expired/invalid token behavior,PUB-005|OPS-011|CS-006,/agreements,PB_ERR_TENANT_SCOPE_DENIED,automated test + audit row + log/metric sample where applicable,contract + integration,TST-SEC-B-023-AUTHN,Security Reviewer + Backend Owner,REQUIRED_FOR_HANDOFF
PB-SEC-023-02,B-023,Agreement / Contract Status,AUTHZ,Role/permission enforcement,V4,verify role matrix and forbidden transitions,PUB-005|OPS-011|CS-006,/agreements,PB_ERR_TENANT_SCOPE_DENIED,automated test + audit row + log/metric sample where applicable,unit + integration,TST-SEC-B-023-AUTHZ,Security Reviewer + Backend Owner,REQUIRED_FOR_HANDOFF
PB-SEC-023-03,B-023,Agreement / Contract Status,TENANT,Tenant isolation,V4,verify tenant_id scoping and cross-tenant denial,PUB-005|OPS-011|CS-006,/agreements,PB_ERR_TENANT_SCOPE_DENIED,automated test + audit row + log/metric sample where applicable,security + e2e,TST-SEC-B-023-TENANT,Security Reviewer + Backend Owner,REQUIRED_FOR_HANDOFF
PB-SEC-023-04,B-023,Agreement / Contract Status,RLS,Row-level security,V4,verify RLS denies cross-tenant read/write at DB layer,PUB-005|OPS-011|CS-006,/agreements,PB_ERR_TENANT_SCOPE_DENIED,automated test + audit row + log/metric sample where applicable,db security,TST-SEC-B-023-RLS,Security Reviewer + Backend Owner,REQUIRED_FOR_HANDOFF
PB-SEC-023-05,B-023,Agreement / Contract Status,INPUT,Input validation,V5,"verify schema, enum, size and unsafe content constraints",PUB-005|OPS-011|CS-006,/agreements,PB_ERR_TENANT_SCOPE_DENIED,automated test + audit row + log/metric sample where applicable,contract + property,TST-SEC-B-023-INPUT,Security Reviewer + Backend Owner,REQUIRED_FOR_HANDOFF
PB-SEC-023-06,B-023,Agreement / Contract Status,OUTPUT,Sensitive output filtering,V9,verify PII/minimized admin detail and no internal stack traces,PUB-005|OPS-011|CS-006,/agreements,PB_ERR_TENANT_SCOPE_DENIED,automated test + audit row + log/metric sample where applicable,security + snapshot,TST-SEC-B-023-OUTPUT,Security Reviewer + Backend Owner,REQUIRED_FOR_HANDOFF
PB-SEC-023-07,B-023,Agreement / Contract Status,AUDIT,Audit evidence,V10,verify mutation/denial/audit rows and correlation ids,PUB-005|OPS-011|CS-006,/agreements,PB_ERR_TENANT_SCOPE_DENIED,automated test + audit row + log/metric sample where applicable,integration,TST-SEC-B-023-AUDIT,Security Reviewer + Backend Owner,REQUIRED_FOR_HANDOFF
PB-SEC-023-08,B-023,Agreement / Contract Status,EVENT,Outbox/event integrity,V14,verify mutation+outbox same transaction and idempotent consumers,PUB-005|OPS-011|CS-006,/agreements,PB_ERR_TENANT_SCOPE_DENIED,automated test + audit row + log/metric sample where applicable,integration,TST-SEC-B-023-EVENT,Security Reviewer + Backend Owner,REQUIRED_FOR_HANDOFF
PB-SEC-023-09,B-023,Agreement / Contract Status,WEBHOOK,Webhook authenticity,V2/V4,verify signature/timestamp/replay protection,PUB-005|OPS-011|CS-006,/agreements,PB_ERR_TENANT_SCOPE_DENIED,automated test + audit row + log/metric sample where applicable,security + integration,TST-SEC-B-023-WEBHOOK,Security Reviewer + Backend Owner,REQUIRED_FOR_HANDOFF
PB-SEC-023-10,B-023,Agreement / Contract Status,ADMIN,Support/admin safeguards,V4/V10,"verify support-session reason, scoped access and audit",PUB-005|OPS-011|CS-006,/agreements,PB_ERR_TENANT_SCOPE_DENIED,automated test + audit row + log/metric sample where applicable,e2e + audit,TST-SEC-B-023-ADMIN,Security Reviewer + Backend Owner,REQUIRED_FOR_HANDOFF
PB-SEC-023-11,B-023,Agreement / Contract Status,PRIVACY,Consent and privacy boundary,V8/V9,verify consent/visibility rules and deletion/export flags,PUB-005|OPS-011|CS-006,/agreements,PB_ERR_TENANT_SCOPE_DENIED,automated test + audit row + log/metric sample where applicable,security + e2e,TST-SEC-B-023-PRIVACY,Security Reviewer + Backend Owner,REQUIRED_FOR_HANDOFF
PB-SEC-023-12,B-023,Agreement / Contract Status,RATE,Abuse/rate-limit controls,V11,verify rate-limits for public and message surfaces,PUB-005|OPS-011|CS-006,/agreements,PB_ERR_TENANT_SCOPE_DENIED,automated test + audit row + log/metric sample where applicable,integration,TST-SEC-B-023-RATE,Security Reviewer + Backend Owner,REQUIRED_FOR_HANDOFF
PB-SEC-024-01,B-024,Client Lifecycle Timeline,AUTHN,Authentication boundary,V2,verify authenticated actor and expired/invalid token behavior,CS-006|CS-013|CS-018|OPS-003,/client-lifecycle,PB_ERR_TENANT_SCOPE_DENIED,automated test + audit row + log/metric sample where applicable,contract + integration,TST-SEC-B-024-AUTHN,Security Reviewer + Backend Owner,REQUIRED_FOR_HANDOFF
PB-SEC-024-02,B-024,Client Lifecycle Timeline,AUTHZ,Role/permission enforcement,V4,verify role matrix and forbidden transitions,CS-006|CS-013|CS-018|OPS-003,/client-lifecycle,PB_ERR_TENANT_SCOPE_DENIED,automated test + audit row + log/metric sample where applicable,unit + integration,TST-SEC-B-024-AUTHZ,Security Reviewer + Backend Owner,REQUIRED_FOR_HANDOFF
PB-SEC-024-03,B-024,Client Lifecycle Timeline,TENANT,Tenant isolation,V4,verify tenant_id scoping and cross-tenant denial,CS-006|CS-013|CS-018|OPS-003,/client-lifecycle,PB_ERR_TENANT_SCOPE_DENIED,automated test + audit row + log/metric sample where applicable,security + e2e,TST-SEC-B-024-TENANT,Security Reviewer + Backend Owner,REQUIRED_FOR_HANDOFF
PB-SEC-024-04,B-024,Client Lifecycle Timeline,RLS,Row-level security,V4,verify RLS denies cross-tenant read/write at DB layer,CS-006|CS-013|CS-018|OPS-003,/client-lifecycle,PB_ERR_TENANT_SCOPE_DENIED,automated test + audit row + log/metric sample where applicable,db security,TST-SEC-B-024-RLS,Security Reviewer + Backend Owner,REQUIRED_FOR_HANDOFF
PB-SEC-024-05,B-024,Client Lifecycle Timeline,INPUT,Input validation,V5,"verify schema, enum, size and unsafe content constraints",CS-006|CS-013|CS-018|OPS-003,/client-lifecycle,PB_ERR_TENANT_SCOPE_DENIED,automated test + audit row + log/metric sample where applicable,contract + property,TST-SEC-B-024-INPUT,Security Reviewer + Backend Owner,REQUIRED_FOR_HANDOFF
PB-SEC-024-06,B-024,Client Lifecycle Timeline,OUTPUT,Sensitive output filtering,V9,verify PII/minimized admin detail and no internal stack traces,CS-006|CS-013|CS-018|OPS-003,/client-lifecycle,PB_ERR_TENANT_SCOPE_DENIED,automated test + audit row + log/metric sample where applicable,security + snapshot,TST-SEC-B-024-OUTPUT,Security Reviewer + Backend Owner,REQUIRED_FOR_HANDOFF
PB-SEC-024-07,B-024,Client Lifecycle Timeline,AUDIT,Audit evidence,V10,verify mutation/denial/audit rows and correlation ids,CS-006|CS-013|CS-018|OPS-003,/client-lifecycle,PB_ERR_TENANT_SCOPE_DENIED,automated test + audit row + log/metric sample where applicable,integration,TST-SEC-B-024-AUDIT,Security Reviewer + Backend Owner,REQUIRED_FOR_HANDOFF
PB-SEC-024-08,B-024,Client Lifecycle Timeline,EVENT,Outbox/event integrity,V14,verify mutation+outbox same transaction and idempotent consumers,CS-006|CS-013|CS-018|OPS-003,/client-lifecycle,PB_ERR_TENANT_SCOPE_DENIED,automated test + audit row + log/metric sample where applicable,integration,TST-SEC-B-024-EVENT,Security Reviewer + Backend Owner,REQUIRED_FOR_HANDOFF
PB-SEC-024-09,B-024,Client Lifecycle Timeline,WEBHOOK,Webhook authenticity,V2/V4,verify signature/timestamp/replay protection,CS-006|CS-013|CS-018|OPS-003,/client-lifecycle,PB_ERR_TENANT_SCOPE_DENIED,automated test + audit row + log/metric sample where applicable,security + integration,TST-SEC-B-024-WEBHOOK,Security Reviewer + Backend Owner,REQUIRED_FOR_HANDOFF
PB-SEC-024-10,B-024,Client Lifecycle Timeline,ADMIN,Support/admin safeguards,V4/V10,"verify support-session reason, scoped access and audit",CS-006|CS-013|CS-018|OPS-003,/client-lifecycle,PB_ERR_TENANT_SCOPE_DENIED,automated test + audit row + log/metric sample where applicable,e2e + audit,TST-SEC-B-024-ADMIN,Security Reviewer + Backend Owner,REQUIRED_FOR_HANDOFF
PB-SEC-024-11,B-024,Client Lifecycle Timeline,PRIVACY,Consent and privacy boundary,V8/V9,verify consent/visibility rules and deletion/export flags,CS-006|CS-013|CS-018|OPS-003,/client-lifecycle,PB_ERR_TENANT_SCOPE_DENIED,automated test + audit row + log/metric sample where applicable,security + e2e,TST-SEC-B-024-PRIVACY,Security Reviewer + Backend Owner,REQUIRED_FOR_HANDOFF
PB-SEC-024-12,B-024,Client Lifecycle Timeline,RATE,Abuse/rate-limit controls,V11,verify rate-limits for public and message surfaces,CS-006|CS-013|CS-018|OPS-003,/client-lifecycle,PB_ERR_TENANT_SCOPE_DENIED,automated test + audit row + log/metric sample where applicable,integration,TST-SEC-B-024-RATE,Security Reviewer + Backend Owner,REQUIRED_FOR_HANDOFF
PB-SEC-025-01,B-025,Renewal / Upsell Trigger,AUTHN,Authentication boundary,V2,verify authenticated actor and expired/invalid token behavior,CS-006|CS-017|CL-014|CS-018,/renewals,PB_ERR_TENANT_SCOPE_DENIED,automated test + audit row + log/metric sample where applicable,contract + integration,TST-SEC-B-025-AUTHN,Security Reviewer + Backend Owner,REQUIRED_FOR_HANDOFF
PB-SEC-025-02,B-025,Renewal / Upsell Trigger,AUTHZ,Role/permission enforcement,V4,verify role matrix and forbidden transitions,CS-006|CS-017|CL-014|CS-018,/renewals,PB_ERR_TENANT_SCOPE_DENIED,automated test + audit row + log/metric sample where applicable,unit + integration,TST-SEC-B-025-AUTHZ,Security Reviewer + Backend Owner,REQUIRED_FOR_HANDOFF
PB-SEC-025-03,B-025,Renewal / Upsell Trigger,TENANT,Tenant isolation,V4,verify tenant_id scoping and cross-tenant denial,CS-006|CS-017|CL-014|CS-018,/renewals,PB_ERR_TENANT_SCOPE_DENIED,automated test + audit row + log/metric sample where applicable,security + e2e,TST-SEC-B-025-TENANT,Security Reviewer + Backend Owner,REQUIRED_FOR_HANDOFF
PB-SEC-025-04,B-025,Renewal / Upsell Trigger,RLS,Row-level security,V4,verify RLS denies cross-tenant read/write at DB layer,CS-006|CS-017|CL-014|CS-018,/renewals,PB_ERR_TENANT_SCOPE_DENIED,automated test + audit row + log/metric sample where applicable,db security,TST-SEC-B-025-RLS,Security Reviewer + Backend Owner,REQUIRED_FOR_HANDOFF
PB-SEC-025-05,B-025,Renewal / Upsell Trigger,INPUT,Input validation,V5,"verify schema, enum, size and unsafe content constraints",CS-006|CS-017|CL-014|CS-018,/renewals,PB_ERR_TENANT_SCOPE_DENIED,automated test + audit row + log/metric sample where applicable,contract + property,TST-SEC-B-025-INPUT,Security Reviewer + Backend Owner,REQUIRED_FOR_HANDOFF
PB-SEC-025-06,B-025,Renewal / Upsell Trigger,OUTPUT,Sensitive output filtering,V9,verify PII/minimized admin detail and no internal stack traces,CS-006|CS-017|CL-014|CS-018,/renewals,PB_ERR_TENANT_SCOPE_DENIED,automated test + audit row + log/metric sample where applicable,security + snapshot,TST-SEC-B-025-OUTPUT,Security Reviewer + Backend Owner,REQUIRED_FOR_HANDOFF
PB-SEC-025-07,B-025,Renewal / Upsell Trigger,AUDIT,Audit evidence,V10,verify mutation/denial/audit rows and correlation ids,CS-006|CS-017|CL-014|CS-018,/renewals,PB_ERR_TENANT_SCOPE_DENIED,automated test + audit row + log/metric sample where applicable,integration,TST-SEC-B-025-AUDIT,Security Reviewer + Backend Owner,REQUIRED_FOR_HANDOFF
PB-SEC-025-08,B-025,Renewal / Upsell Trigger,EVENT,Outbox/event integrity,V14,verify mutation+outbox same transaction and idempotent consumers,CS-006|CS-017|CL-014|CS-018,/renewals,PB_ERR_TENANT_SCOPE_DENIED,automated test + audit row + log/metric sample where applicable,integration,TST-SEC-B-025-EVENT,Security Reviewer + Backend Owner,REQUIRED_FOR_HANDOFF
PB-SEC-025-09,B-025,Renewal / Upsell Trigger,WEBHOOK,Webhook authenticity,V2/V4,verify signature/timestamp/replay protection,CS-006|CS-017|CL-014|CS-018,/renewals,PB_ERR_TENANT_SCOPE_DENIED,automated test + audit row + log/metric sample where applicable,security + integration,TST-SEC-B-025-WEBHOOK,Security Reviewer + Backend Owner,REQUIRED_FOR_HANDOFF
PB-SEC-025-10,B-025,Renewal / Upsell Trigger,ADMIN,Support/admin safeguards,V4/V10,"verify support-session reason, scoped access and audit",CS-006|CS-017|CL-014|CS-018,/renewals,PB_ERR_TENANT_SCOPE_DENIED,automated test + audit row + log/metric sample where applicable,e2e + audit,TST-SEC-B-025-ADMIN,Security Reviewer + Backend Owner,REQUIRED_FOR_HANDOFF
PB-SEC-025-11,B-025,Renewal / Upsell Trigger,PRIVACY,Consent and privacy boundary,V8/V9,verify consent/visibility rules and deletion/export flags,CS-006|CS-017|CL-014|CS-018,/renewals,PB_ERR_TENANT_SCOPE_DENIED,automated test + audit row + log/metric sample where applicable,security + e2e,TST-SEC-B-025-PRIVACY,Security Reviewer + Backend Owner,REQUIRED_FOR_HANDOFF
PB-SEC-025-12,B-025,Renewal / Upsell Trigger,RATE,Abuse/rate-limit controls,V11,verify rate-limits for public and message surfaces,CS-006|CS-017|CL-014|CS-018,/renewals,PB_ERR_TENANT_SCOPE_DENIED,automated test + audit row + log/metric sample where applicable,integration,TST-SEC-B-025-RATE,Security Reviewer + Backend Owner,REQUIRED_FOR_HANDOFF
PB-SEC-026-01,B-026,Calendar Integration,AUTHN,Authentication boundary,V2,verify authenticated actor and expired/invalid token behavior,ADM-010|CS-004|CL-013|OPS-009,/calendar-integrations,PB_ERR_TENANT_SCOPE_DENIED,automated test + audit row + log/metric sample where applicable,contract + integration,TST-SEC-B-026-AUTHN,Security Reviewer + Backend Owner,REQUIRED_FOR_HANDOFF
PB-SEC-026-02,B-026,Calendar Integration,AUTHZ,Role/permission enforcement,V4,verify role matrix and forbidden transitions,ADM-010|CS-004|CL-013|OPS-009,/calendar-integrations,PB_ERR_TENANT_SCOPE_DENIED,automated test + audit row + log/metric sample where applicable,unit + integration,TST-SEC-B-026-AUTHZ,Security Reviewer + Backend Owner,REQUIRED_FOR_HANDOFF
PB-SEC-026-03,B-026,Calendar Integration,TENANT,Tenant isolation,V4,verify tenant_id scoping and cross-tenant denial,ADM-010|CS-004|CL-013|OPS-009,/calendar-integrations,PB_ERR_TENANT_SCOPE_DENIED,automated test + audit row + log/metric sample where applicable,security + e2e,TST-SEC-B-026-TENANT,Security Reviewer + Backend Owner,REQUIRED_FOR_HANDOFF
PB-SEC-026-04,B-026,Calendar Integration,RLS,Row-level security,V4,verify RLS denies cross-tenant read/write at DB layer,ADM-010|CS-004|CL-013|OPS-009,/calendar-integrations,PB_ERR_TENANT_SCOPE_DENIED,automated test + audit row + log/metric sample where applicable,db security,TST-SEC-B-026-RLS,Security Reviewer + Backend Owner,REQUIRED_FOR_HANDOFF
PB-SEC-026-05,B-026,Calendar Integration,INPUT,Input validation,V5,"verify schema, enum, size and unsafe content constraints",ADM-010|CS-004|CL-013|OPS-009,/calendar-integrations,PB_ERR_TENANT_SCOPE_DENIED,automated test + audit row + log/metric sample where applicable,contract + property,TST-SEC-B-026-INPUT,Security Reviewer + Backend Owner,REQUIRED_FOR_HANDOFF
PB-SEC-026-06,B-026,Calendar Integration,OUTPUT,Sensitive output filtering,V9,verify PII/minimized admin detail and no internal stack traces,ADM-010|CS-004|CL-013|OPS-009,/calendar-integrations,PB_ERR_TENANT_SCOPE_DENIED,automated test + audit row + log/metric sample where applicable,security + snapshot,TST-SEC-B-026-OUTPUT,Security Reviewer + Backend Owner,REQUIRED_FOR_HANDOFF
PB-SEC-026-07,B-026,Calendar Integration,AUDIT,Audit evidence,V10,verify mutation/denial/audit rows and correlation ids,ADM-010|CS-004|CL-013|OPS-009,/calendar-integrations,PB_ERR_TENANT_SCOPE_DENIED,automated test + audit row + log/metric sample where applicable,integration,TST-SEC-B-026-AUDIT,Security Reviewer + Backend Owner,REQUIRED_FOR_HANDOFF
PB-SEC-026-08,B-026,Calendar Integration,EVENT,Outbox/event integrity,V14,verify mutation+outbox same transaction and idempotent consumers,ADM-010|CS-004|CL-013|OPS-009,/calendar-integrations,PB_ERR_TENANT_SCOPE_DENIED,automated test + audit row + log/metric sample where applicable,integration,TST-SEC-B-026-EVENT,Security Reviewer + Backend Owner,REQUIRED_FOR_HANDOFF
PB-SEC-026-09,B-026,Calendar Integration,WEBHOOK,Webhook authenticity,V2/V4,verify signature/timestamp/replay protection,ADM-010|CS-004|CL-013|OPS-009,/calendar-integrations,PB_ERR_TENANT_SCOPE_DENIED,automated test + audit row + log/metric sample where applicable,security + integration,TST-SEC-B-026-WEBHOOK,Security Reviewer + Backend Owner,REQUIRED_FOR_HANDOFF
PB-SEC-026-10,B-026,Calendar Integration,ADMIN,Support/admin safeguards,V4/V10,"verify support-session reason, scoped access and audit",ADM-010|CS-004|CL-013|OPS-009,/calendar-integrations,PB_ERR_TENANT_SCOPE_DENIED,automated test + audit row + log/metric sample where applicable,e2e + audit,TST-SEC-B-026-ADMIN,Security Reviewer + Backend Owner,REQUIRED_FOR_HANDOFF
PB-SEC-026-11,B-026,Calendar Integration,PRIVACY,Consent and privacy boundary,V8/V9,verify consent/visibility rules and deletion/export flags,ADM-010|CS-004|CL-013|OPS-009,/calendar-integrations,PB_ERR_TENANT_SCOPE_DENIED,automated test + audit row + log/metric sample where applicable,security + e2e,TST-SEC-B-026-PRIVACY,Security Reviewer + Backend Owner,REQUIRED_FOR_HANDOFF
PB-SEC-026-12,B-026,Calendar Integration,RATE,Abuse/rate-limit controls,V11,verify rate-limits for public and message surfaces,ADM-010|CS-004|CL-013|OPS-009,/calendar-integrations,PB_ERR_TENANT_SCOPE_DENIED,automated test + audit row + log/metric sample where applicable,integration,TST-SEC-B-026-RATE,Security Reviewer + Backend Owner,REQUIRED_FOR_HANDOFF
PB-SEC-027-01,B-027,Business Metrics Dashboard,AUTHN,Authentication boundary,V2,verify authenticated actor and expired/invalid token behavior,CS-018|CS-019|OPS-008,/analytics/business,PB_ERR_TENANT_SCOPE_DENIED,automated test + audit row + log/metric sample where applicable,contract + integration,TST-SEC-B-027-AUTHN,Security Reviewer + Backend Owner,REQUIRED_FOR_HANDOFF
PB-SEC-027-02,B-027,Business Metrics Dashboard,AUTHZ,Role/permission enforcement,V4,verify role matrix and forbidden transitions,CS-018|CS-019|OPS-008,/analytics/business,PB_ERR_TENANT_SCOPE_DENIED,automated test + audit row + log/metric sample where applicable,unit + integration,TST-SEC-B-027-AUTHZ,Security Reviewer + Backend Owner,REQUIRED_FOR_HANDOFF
PB-SEC-027-03,B-027,Business Metrics Dashboard,TENANT,Tenant isolation,V4,verify tenant_id scoping and cross-tenant denial,CS-018|CS-019|OPS-008,/analytics/business,PB_ERR_TENANT_SCOPE_DENIED,automated test + audit row + log/metric sample where applicable,security + e2e,TST-SEC-B-027-TENANT,Security Reviewer + Backend Owner,REQUIRED_FOR_HANDOFF
PB-SEC-027-04,B-027,Business Metrics Dashboard,RLS,Row-level security,V4,verify RLS denies cross-tenant read/write at DB layer,CS-018|CS-019|OPS-008,/analytics/business,PB_ERR_TENANT_SCOPE_DENIED,automated test + audit row + log/metric sample where applicable,db security,TST-SEC-B-027-RLS,Security Reviewer + Backend Owner,REQUIRED_FOR_HANDOFF
PB-SEC-027-05,B-027,Business Metrics Dashboard,INPUT,Input validation,V5,"verify schema, enum, size and unsafe content constraints",CS-018|CS-019|OPS-008,/analytics/business,PB_ERR_TENANT_SCOPE_DENIED,automated test + audit row + log/metric sample where applicable,contract + property,TST-SEC-B-027-INPUT,Security Reviewer + Backend Owner,REQUIRED_FOR_HANDOFF
PB-SEC-027-06,B-027,Business Metrics Dashboard,OUTPUT,Sensitive output filtering,V9,verify PII/minimized admin detail and no internal stack traces,CS-018|CS-019|OPS-008,/analytics/business,PB_ERR_TENANT_SCOPE_DENIED,automated test + audit row + log/metric sample where applicable,security + snapshot,TST-SEC-B-027-OUTPUT,Security Reviewer + Backend Owner,REQUIRED_FOR_HANDOFF
PB-SEC-027-07,B-027,Business Metrics Dashboard,AUDIT,Audit evidence,V10,verify mutation/denial/audit rows and correlation ids,CS-018|CS-019|OPS-008,/analytics/business,PB_ERR_TENANT_SCOPE_DENIED,automated test + audit row + log/metric sample where applicable,integration,TST-SEC-B-027-AUDIT,Security Reviewer + Backend Owner,REQUIRED_FOR_HANDOFF
PB-SEC-027-08,B-027,Business Metrics Dashboard,EVENT,Outbox/event integrity,V14,verify mutation+outbox same transaction and idempotent consumers,CS-018|CS-019|OPS-008,/analytics/business,PB_ERR_TENANT_SCOPE_DENIED,automated test + audit row + log/metric sample where applicable,integration,TST-SEC-B-027-EVENT,Security Reviewer + Backend Owner,REQUIRED_FOR_HANDOFF
PB-SEC-027-09,B-027,Business Metrics Dashboard,WEBHOOK,Webhook authenticity,V2/V4,verify signature/timestamp/replay protection,CS-018|CS-019|OPS-008,/analytics/business,PB_ERR_TENANT_SCOPE_DENIED,automated test + audit row + log/metric sample where applicable,security + integration,TST-SEC-B-027-WEBHOOK,Security Reviewer + Backend Owner,REQUIRED_FOR_HANDOFF
PB-SEC-027-10,B-027,Business Metrics Dashboard,ADMIN,Support/admin safeguards,V4/V10,"verify support-session reason, scoped access and audit",CS-018|CS-019|OPS-008,/analytics/business,PB_ERR_TENANT_SCOPE_DENIED,automated test + audit row + log/metric sample where applicable,e2e + audit,TST-SEC-B-027-ADMIN,Security Reviewer + Backend Owner,REQUIRED_FOR_HANDOFF
PB-SEC-027-11,B-027,Business Metrics Dashboard,PRIVACY,Consent and privacy boundary,V8/V9,verify consent/visibility rules and deletion/export flags,CS-018|CS-019|OPS-008,/analytics/business,PB_ERR_TENANT_SCOPE_DENIED,automated test + audit row + log/metric sample where applicable,security + e2e,TST-SEC-B-027-PRIVACY,Security Reviewer + Backend Owner,REQUIRED_FOR_HANDOFF
PB-SEC-027-12,B-027,Business Metrics Dashboard,RATE,Abuse/rate-limit controls,V11,verify rate-limits for public and message surfaces,CS-018|CS-019|OPS-008,/analytics/business,PB_ERR_TENANT_SCOPE_DENIED,automated test + audit row + log/metric sample where applicable,integration,TST-SEC-B-027-RATE,Security Reviewer + Backend Owner,REQUIRED_FOR_HANDOFF
PB-SEC-028-01,B-028,Drop-off / Client Risk Signal,AUTHN,Authentication boundary,V2,verify authenticated actor and expired/invalid token behavior,CS-018|CS-006|OPS-009,/analytics/risk-signals,PB_ERR_TENANT_SCOPE_DENIED,automated test + audit row + log/metric sample where applicable,contract + integration,TST-SEC-B-028-AUTHN,Security Reviewer + Backend Owner,REQUIRED_FOR_HANDOFF
PB-SEC-028-02,B-028,Drop-off / Client Risk Signal,AUTHZ,Role/permission enforcement,V4,verify role matrix and forbidden transitions,CS-018|CS-006|OPS-009,/analytics/risk-signals,PB_ERR_TENANT_SCOPE_DENIED,automated test + audit row + log/metric sample where applicable,unit + integration,TST-SEC-B-028-AUTHZ,Security Reviewer + Backend Owner,REQUIRED_FOR_HANDOFF
PB-SEC-028-03,B-028,Drop-off / Client Risk Signal,TENANT,Tenant isolation,V4,verify tenant_id scoping and cross-tenant denial,CS-018|CS-006|OPS-009,/analytics/risk-signals,PB_ERR_TENANT_SCOPE_DENIED,automated test + audit row + log/metric sample where applicable,security + e2e,TST-SEC-B-028-TENANT,Security Reviewer + Backend Owner,REQUIRED_FOR_HANDOFF
PB-SEC-028-04,B-028,Drop-off / Client Risk Signal,RLS,Row-level security,V4,verify RLS denies cross-tenant read/write at DB layer,CS-018|CS-006|OPS-009,/analytics/risk-signals,PB_ERR_TENANT_SCOPE_DENIED,automated test + audit row + log/metric sample where applicable,db security,TST-SEC-B-028-RLS,Security Reviewer + Backend Owner,REQUIRED_FOR_HANDOFF
PB-SEC-028-05,B-028,Drop-off / Client Risk Signal,INPUT,Input validation,V5,"verify schema, enum, size and unsafe content constraints",CS-018|CS-006|OPS-009,/analytics/risk-signals,PB_ERR_TENANT_SCOPE_DENIED,automated test + audit row + log/metric sample where applicable,contract + property,TST-SEC-B-028-INPUT,Security Reviewer + Backend Owner,REQUIRED_FOR_HANDOFF
PB-SEC-028-06,B-028,Drop-off / Client Risk Signal,OUTPUT,Sensitive output filtering,V9,verify PII/minimized admin detail and no internal stack traces,CS-018|CS-006|OPS-009,/analytics/risk-signals,PB_ERR_TENANT_SCOPE_DENIED,automated test + audit row + log/metric sample where applicable,security + snapshot,TST-SEC-B-028-OUTPUT,Security Reviewer + Backend Owner,REQUIRED_FOR_HANDOFF
PB-SEC-028-07,B-028,Drop-off / Client Risk Signal,AUDIT,Audit evidence,V10,verify mutation/denial/audit rows and correlation ids,CS-018|CS-006|OPS-009,/analytics/risk-signals,PB_ERR_TENANT_SCOPE_DENIED,automated test + audit row + log/metric sample where applicable,integration,TST-SEC-B-028-AUDIT,Security Reviewer + Backend Owner,REQUIRED_FOR_HANDOFF
PB-SEC-028-08,B-028,Drop-off / Client Risk Signal,EVENT,Outbox/event integrity,V14,verify mutation+outbox same transaction and idempotent consumers,CS-018|CS-006|OPS-009,/analytics/risk-signals,PB_ERR_TENANT_SCOPE_DENIED,automated test + audit row + log/metric sample where applicable,integration,TST-SEC-B-028-EVENT,Security Reviewer + Backend Owner,REQUIRED_FOR_HANDOFF
PB-SEC-028-09,B-028,Drop-off / Client Risk Signal,WEBHOOK,Webhook authenticity,V2/V4,verify signature/timestamp/replay protection,CS-018|CS-006|OPS-009,/analytics/risk-signals,PB_ERR_TENANT_SCOPE_DENIED,automated test + audit row + log/metric sample where applicable,security + integration,TST-SEC-B-028-WEBHOOK,Security Reviewer + Backend Owner,REQUIRED_FOR_HANDOFF
PB-SEC-028-10,B-028,Drop-off / Client Risk Signal,ADMIN,Support/admin safeguards,V4/V10,"verify support-session reason, scoped access and audit",CS-018|CS-006|OPS-009,/analytics/risk-signals,PB_ERR_TENANT_SCOPE_DENIED,automated test + audit row + log/metric sample where applicable,e2e + audit,TST-SEC-B-028-ADMIN,Security Reviewer + Backend Owner,REQUIRED_FOR_HANDOFF
PB-SEC-028-11,B-028,Drop-off / Client Risk Signal,PRIVACY,Consent and privacy boundary,V8/V9,verify consent/visibility rules and deletion/export flags,CS-018|CS-006|OPS-009,/analytics/risk-signals,PB_ERR_TENANT_SCOPE_DENIED,automated test + audit row + log/metric sample where applicable,security + e2e,TST-SEC-B-028-PRIVACY,Security Reviewer + Backend Owner,REQUIRED_FOR_HANDOFF
PB-SEC-028-12,B-028,Drop-off / Client Risk Signal,RATE,Abuse/rate-limit controls,V11,verify rate-limits for public and message surfaces,CS-018|CS-006|OPS-009,/analytics/risk-signals,PB_ERR_TENANT_SCOPE_DENIED,automated test + audit row + log/metric sample where applicable,integration,TST-SEC-B-028-RATE,Security Reviewer + Backend Owner,REQUIRED_FOR_HANDOFF
PB-SEC-029-01,B-029,Revenue Reporting,AUTHN,Authentication boundary,V2,verify authenticated actor and expired/invalid token behavior,CS-019|CS-018|OPS-010,/analytics/revenue,PB_ERR_TENANT_SCOPE_DENIED,automated test + audit row + log/metric sample where applicable,contract + integration,TST-SEC-B-029-AUTHN,Security Reviewer + Backend Owner,REQUIRED_FOR_HANDOFF
PB-SEC-029-02,B-029,Revenue Reporting,AUTHZ,Role/permission enforcement,V4,verify role matrix and forbidden transitions,CS-019|CS-018|OPS-010,/analytics/revenue,PB_ERR_TENANT_SCOPE_DENIED,automated test + audit row + log/metric sample where applicable,unit + integration,TST-SEC-B-029-AUTHZ,Security Reviewer + Backend Owner,REQUIRED_FOR_HANDOFF
PB-SEC-029-03,B-029,Revenue Reporting,TENANT,Tenant isolation,V4,verify tenant_id scoping and cross-tenant denial,CS-019|CS-018|OPS-010,/analytics/revenue,PB_ERR_TENANT_SCOPE_DENIED,automated test + audit row + log/metric sample where applicable,security + e2e,TST-SEC-B-029-TENANT,Security Reviewer + Backend Owner,REQUIRED_FOR_HANDOFF
PB-SEC-029-04,B-029,Revenue Reporting,RLS,Row-level security,V4,verify RLS denies cross-tenant read/write at DB layer,CS-019|CS-018|OPS-010,/analytics/revenue,PB_ERR_TENANT_SCOPE_DENIED,automated test + audit row + log/metric sample where applicable,db security,TST-SEC-B-029-RLS,Security Reviewer + Backend Owner,REQUIRED_FOR_HANDOFF
PB-SEC-029-05,B-029,Revenue Reporting,INPUT,Input validation,V5,"verify schema, enum, size and unsafe content constraints",CS-019|CS-018|OPS-010,/analytics/revenue,PB_ERR_TENANT_SCOPE_DENIED,automated test + audit row + log/metric sample where applicable,contract + property,TST-SEC-B-029-INPUT,Security Reviewer + Backend Owner,REQUIRED_FOR_HANDOFF
PB-SEC-029-06,B-029,Revenue Reporting,OUTPUT,Sensitive output filtering,V9,verify PII/minimized admin detail and no internal stack traces,CS-019|CS-018|OPS-010,/analytics/revenue,PB_ERR_TENANT_SCOPE_DENIED,automated test + audit row + log/metric sample where applicable,security + snapshot,TST-SEC-B-029-OUTPUT,Security Reviewer + Backend Owner,REQUIRED_FOR_HANDOFF
PB-SEC-029-07,B-029,Revenue Reporting,AUDIT,Audit evidence,V10,verify mutation/denial/audit rows and correlation ids,CS-019|CS-018|OPS-010,/analytics/revenue,PB_ERR_TENANT_SCOPE_DENIED,automated test + audit row + log/metric sample where applicable,integration,TST-SEC-B-029-AUDIT,Security Reviewer + Backend Owner,REQUIRED_FOR_HANDOFF
PB-SEC-029-08,B-029,Revenue Reporting,EVENT,Outbox/event integrity,V14,verify mutation+outbox same transaction and idempotent consumers,CS-019|CS-018|OPS-010,/analytics/revenue,PB_ERR_TENANT_SCOPE_DENIED,automated test + audit row + log/metric sample where applicable,integration,TST-SEC-B-029-EVENT,Security Reviewer + Backend Owner,REQUIRED_FOR_HANDOFF
PB-SEC-029-09,B-029,Revenue Reporting,WEBHOOK,Webhook authenticity,V2/V4,verify signature/timestamp/replay protection,CS-019|CS-018|OPS-010,/analytics/revenue,PB_ERR_TENANT_SCOPE_DENIED,automated test + audit row + log/metric sample where applicable,security + integration,TST-SEC-B-029-WEBHOOK,Security Reviewer + Backend Owner,REQUIRED_FOR_HANDOFF
PB-SEC-029-10,B-029,Revenue Reporting,ADMIN,Support/admin safeguards,V4/V10,"verify support-session reason, scoped access and audit",CS-019|CS-018|OPS-010,/analytics/revenue,PB_ERR_TENANT_SCOPE_DENIED,automated test + audit row + log/metric sample where applicable,e2e + audit,TST-SEC-B-029-ADMIN,Security Reviewer + Backend Owner,REQUIRED_FOR_HANDOFF
PB-SEC-029-11,B-029,Revenue Reporting,PRIVACY,Consent and privacy boundary,V8/V9,verify consent/visibility rules and deletion/export flags,CS-019|CS-018|OPS-010,/analytics/revenue,PB_ERR_TENANT_SCOPE_DENIED,automated test + audit row + log/metric sample where applicable,security + e2e,TST-SEC-B-029-PRIVACY,Security Reviewer + Backend Owner,REQUIRED_FOR_HANDOFF
PB-SEC-029-12,B-029,Revenue Reporting,RATE,Abuse/rate-limit controls,V11,verify rate-limits for public and message surfaces,CS-019|CS-018|OPS-010,/analytics/revenue,PB_ERR_TENANT_SCOPE_DENIED,automated test + audit row + log/metric sample where applicable,integration,TST-SEC-B-029-RATE,Security Reviewer + Backend Owner,REQUIRED_FOR_HANDOFF
