Story ID,Capability ID,Capability Name,Story Type,Actor,As a,I want,So that,Preconditions,Main Flow,Acceptance Criteria,Edge Cases,Primary Screens,APIs,Events,Errors,Tests,Cursor Prompt,Slice,Status
US-001-CONFIG,B-001,First-party Coaching Mode,CONFIG,Platform Owner,Platform Owner,configure and operate First-party Coaching Mode,the platform can deliver First-party Coaching Mode in first-party and/or tenant mode without custom code,tenant exists; actor authenticated; feature enabled where required; Core/DB/Payment adapter availability explicit,Open relevant surface (ADM-001|ADM-002|ADM-011|CL-004|CS-001) -> perform action -> backend validates tenant/access/feature guards -> persist mutation/projection -> emit event/audit -> UI updates state.,"B-001 supports tenant-scoped happy path for First-party Coaching Mode | unauthorized actor is denied before mutation | forbidden cross-tenant access returns forbidden state and audit event | successful mutation emits expected domain event when applicable | UI exposes loading, empty, error, forbidden and success states | contract tests cover primary API endpoint and validation errors",adapter unavailable; stale projection; feature disabled; tenant suspended; cross-tenant access attempt; duplicate/idempotent request; revoked access,ADM-001|ADM-002|ADM-011|CL-004|CS-001,/tenant-blueprints/{id}/activate,"tenant.blueprint_activated, journey.version_published",PB_ERR_TENANT_SCOPE_DENIED|PB_ERR_AUTH_REQUIRED,unit:guard; integration:mutation+outbox; contract:api; e2e:screen flow; security:tenant isolation,PB-CURSOR-001,MVP-S0,READY_FOR_G1_G4_HANDOFF
US-001-RUNTIME,B-001,First-party Coaching Mode,RUNTIME,Platform Owner,Platform Owner,use First-party Coaching Mode in the live journey/commerce experience,the client/coach flow works end-to-end with correct access and state,tenant exists; actor authenticated; feature enabled where required; Core/DB/Payment adapter availability explicit,Open relevant surface (ADM-001|ADM-002|ADM-011|CL-004|CS-001) -> perform action -> backend validates tenant/access/feature guards -> persist mutation/projection -> emit event/audit -> UI updates state.,"B-001 supports tenant-scoped happy path for First-party Coaching Mode | unauthorized actor is denied before mutation | forbidden cross-tenant access returns forbidden state and audit event | successful mutation emits expected domain event when applicable | UI exposes loading, empty, error, forbidden and success states | contract tests cover primary API endpoint and validation errors",adapter unavailable; stale projection; feature disabled; tenant suspended; cross-tenant access attempt; duplicate/idempotent request; revoked access,ADM-001|ADM-002|ADM-011|CL-004|CS-001,/tenant-blueprints/{id}/activate,"tenant.blueprint_activated, journey.version_published",PB_ERR_TENANT_SCOPE_DENIED|PB_ERR_AUTH_REQUIRED,unit:guard; integration:mutation+outbox; contract:api; e2e:screen flow; security:tenant isolation,PB-CURSOR-001,MVP-S0,READY_FOR_G1_G4_HANDOFF
US-001-CONTROL,B-001,First-party Coaching Mode,CONTROL,Platform Admin / Support,Platform Admin / Support,"inspect, support and audit First-party Coaching Mode","failures, permissions and incidents are diagnosable without unsafe data access",tenant exists; actor authenticated; feature enabled where required; Core/DB/Payment adapter availability explicit,Open relevant surface (ADM-001|ADM-002|ADM-011|CL-004|CS-001) -> perform action -> backend validates tenant/access/feature guards -> persist mutation/projection -> emit event/audit -> UI updates state.,"B-001 supports tenant-scoped happy path for First-party Coaching Mode | unauthorized actor is denied before mutation | forbidden cross-tenant access returns forbidden state and audit event | successful mutation emits expected domain event when applicable | UI exposes loading, empty, error, forbidden and success states | contract tests cover primary API endpoint and validation errors",adapter unavailable; stale projection; feature disabled; tenant suspended; cross-tenant access attempt; duplicate/idempotent request; revoked access,ADM-001|ADM-002|ADM-011|CL-004|CS-001,/tenant-blueprints/{id}/activate,"tenant.blueprint_activated, journey.version_published",PB_ERR_TENANT_SCOPE_DENIED|PB_ERR_AUTH_REQUIRED,unit:guard; integration:mutation+outbox; contract:api; e2e:screen flow; security:tenant isolation,PB-CURSOR-001,MVP-S0,READY_FOR_G1_G4_HANDOFF
US-002-CONFIG,B-002,White-label / Tenant Mode,CONFIG,Tenant Admin,Tenant Admin,configure and operate White-label / Tenant Mode,the platform can deliver White-label / Tenant Mode in first-party and/or tenant mode without custom code,tenant exists; actor authenticated; feature enabled where required; Core/DB/Payment adapter availability explicit,Open relevant surface (ADM-001|ADM-003|ADM-005|OPS-001|OPS-006) -> perform action -> backend validates tenant/access/feature guards -> persist mutation/projection -> emit event/audit -> UI updates state.,"B-002 supports tenant-scoped happy path for White-label / Tenant Mode | unauthorized actor is denied before mutation | forbidden cross-tenant access returns forbidden state and audit event | successful mutation emits expected domain event when applicable | UI exposes loading, empty, error, forbidden and success states | contract tests cover primary API endpoint and validation errors",adapter unavailable; stale projection; feature disabled; tenant suspended; cross-tenant access attempt; duplicate/idempotent request; revoked access,ADM-001|ADM-003|ADM-005|OPS-001|OPS-006,/tenants,"tenant.created, tenant.branding_updated",PB_ERR_TENANT_SCOPE_DENIED|PB_ERR_AUTH_REQUIRED,unit:guard; integration:mutation+outbox; contract:api; e2e:screen flow; security:tenant isolation,PB-CURSOR-001,MVP-S0,READY_FOR_G1_G4_HANDOFF
US-002-RUNTIME,B-002,White-label / Tenant Mode,RUNTIME,Tenant Admin,Tenant Admin,use White-label / Tenant Mode in the live journey/commerce experience,the client/coach flow works end-to-end with correct access and state,tenant exists; actor authenticated; feature enabled where required; Core/DB/Payment adapter availability explicit,Open relevant surface (ADM-001|ADM-003|ADM-005|OPS-001|OPS-006) -> perform action -> backend validates tenant/access/feature guards -> persist mutation/projection -> emit event/audit -> UI updates state.,"B-002 supports tenant-scoped happy path for White-label / Tenant Mode | unauthorized actor is denied before mutation | forbidden cross-tenant access returns forbidden state and audit event | successful mutation emits expected domain event when applicable | UI exposes loading, empty, error, forbidden and success states | contract tests cover primary API endpoint and validation errors",adapter unavailable; stale projection; feature disabled; tenant suspended; cross-tenant access attempt; duplicate/idempotent request; revoked access,ADM-001|ADM-003|ADM-005|OPS-001|OPS-006,/tenants,"tenant.created, tenant.branding_updated",PB_ERR_TENANT_SCOPE_DENIED|PB_ERR_AUTH_REQUIRED,unit:guard; integration:mutation+outbox; contract:api; e2e:screen flow; security:tenant isolation,PB-CURSOR-001,MVP-S0,READY_FOR_G1_G4_HANDOFF
US-002-CONTROL,B-002,White-label / Tenant Mode,CONTROL,Platform Admin / Support,Platform Admin / Support,"inspect, support and audit White-label / Tenant Mode","failures, permissions and incidents are diagnosable without unsafe data access",tenant exists; actor authenticated; feature enabled where required; Core/DB/Payment adapter availability explicit,Open relevant surface (ADM-001|ADM-003|ADM-005|OPS-001|OPS-006) -> perform action -> backend validates tenant/access/feature guards -> persist mutation/projection -> emit event/audit -> UI updates state.,"B-002 supports tenant-scoped happy path for White-label / Tenant Mode | unauthorized actor is denied before mutation | forbidden cross-tenant access returns forbidden state and audit event | successful mutation emits expected domain event when applicable | UI exposes loading, empty, error, forbidden and success states | contract tests cover primary API endpoint and validation errors",adapter unavailable; stale projection; feature disabled; tenant suspended; cross-tenant access attempt; duplicate/idempotent request; revoked access,ADM-001|ADM-003|ADM-005|OPS-001|OPS-006,/tenants,"tenant.created, tenant.branding_updated",PB_ERR_TENANT_SCOPE_DENIED|PB_ERR_AUTH_REQUIRED,unit:guard; integration:mutation+outbox; contract:api; e2e:screen flow; security:tenant isolation,PB-CURSOR-001,MVP-S0,READY_FOR_G1_G4_HANDOFF
US-003-CONFIG,B-003,Coach Studio Web SaaS,CONFIG,Coach / Tenant Admin,Coach / Tenant Admin,configure and operate Coach Studio Web SaaS,the platform can deliver Coach Studio Web SaaS in first-party and/or tenant mode without custom code,tenant exists; actor authenticated; feature enabled where required; Core/DB/Payment adapter availability explicit,Open relevant surface (CS-001|CS-005|CS-007|CS-017|CS-018) -> perform action -> backend validates tenant/access/feature guards -> persist mutation/projection -> emit event/audit -> UI updates state.,"B-003 supports tenant-scoped happy path for Coach Studio Web SaaS | unauthorized actor is denied before mutation | forbidden cross-tenant access returns forbidden state and audit event | successful mutation emits expected domain event when applicable | UI exposes loading, empty, error, forbidden and success states | contract tests cover primary API endpoint and validation errors",adapter unavailable; stale projection; feature disabled; tenant suspended; cross-tenant access attempt; duplicate/idempotent request; revoked access,CS-001|CS-005|CS-007|CS-017|CS-018,/coach/dashboard,"journey.draft_created, offer.created",PB_ERR_TENANT_SCOPE_DENIED|PB_ERR_AUTH_REQUIRED,unit:guard; integration:mutation+outbox; contract:api; e2e:screen flow; security:tenant isolation,PB-CURSOR-013,MVP-S1,READY_FOR_G1_G4_HANDOFF
US-003-RUNTIME,B-003,Coach Studio Web SaaS,RUNTIME,Coach / Tenant Admin,Coach / Tenant Admin,use Coach Studio Web SaaS in the live journey/commerce experience,the client/coach flow works end-to-end with correct access and state,tenant exists; actor authenticated; feature enabled where required; Core/DB/Payment adapter availability explicit,Open relevant surface (CS-001|CS-005|CS-007|CS-017|CS-018) -> perform action -> backend validates tenant/access/feature guards -> persist mutation/projection -> emit event/audit -> UI updates state.,"B-003 supports tenant-scoped happy path for Coach Studio Web SaaS | unauthorized actor is denied before mutation | forbidden cross-tenant access returns forbidden state and audit event | successful mutation emits expected domain event when applicable | UI exposes loading, empty, error, forbidden and success states | contract tests cover primary API endpoint and validation errors",adapter unavailable; stale projection; feature disabled; tenant suspended; cross-tenant access attempt; duplicate/idempotent request; revoked access,CS-001|CS-005|CS-007|CS-017|CS-018,/coach/dashboard,"journey.draft_created, offer.created",PB_ERR_TENANT_SCOPE_DENIED|PB_ERR_AUTH_REQUIRED,unit:guard; integration:mutation+outbox; contract:api; e2e:screen flow; security:tenant isolation,PB-CURSOR-013,MVP-S1,READY_FOR_G1_G4_HANDOFF
US-003-CONTROL,B-003,Coach Studio Web SaaS,CONTROL,Platform Admin / Support,Platform Admin / Support,"inspect, support and audit Coach Studio Web SaaS","failures, permissions and incidents are diagnosable without unsafe data access",tenant exists; actor authenticated; feature enabled where required; Core/DB/Payment adapter availability explicit,Open relevant surface (CS-001|CS-005|CS-007|CS-017|CS-018) -> perform action -> backend validates tenant/access/feature guards -> persist mutation/projection -> emit event/audit -> UI updates state.,"B-003 supports tenant-scoped happy path for Coach Studio Web SaaS | unauthorized actor is denied before mutation | forbidden cross-tenant access returns forbidden state and audit event | successful mutation emits expected domain event when applicable | UI exposes loading, empty, error, forbidden and success states | contract tests cover primary API endpoint and validation errors",adapter unavailable; stale projection; feature disabled; tenant suspended; cross-tenant access attempt; duplicate/idempotent request; revoked access,CS-001|CS-005|CS-007|CS-017|CS-018,/coach/dashboard,"journey.draft_created, offer.created",PB_ERR_TENANT_SCOPE_DENIED|PB_ERR_AUTH_REQUIRED,unit:guard; integration:mutation+outbox; contract:api; e2e:screen flow; security:tenant isolation,PB-CURSOR-013,MVP-S1,READY_FOR_G1_G4_HANDOFF
US-004-CONFIG,B-004,Branded Client App,CONFIG,Client,Client,configure and operate Branded Client App,the platform can deliver Branded Client App in first-party and/or tenant mode without custom code,tenant exists; actor authenticated; feature enabled where required; Core/DB/Payment adapter availability explicit,Open relevant surface (CL-004|CL-005|CL-006|CL-009|CL-012) -> perform action -> backend validates tenant/access/feature guards -> persist mutation/projection -> emit event/audit -> UI updates state.,"B-004 supports tenant-scoped happy path for Branded Client App | unauthorized actor is denied before mutation | forbidden cross-tenant access returns forbidden state and audit event | successful mutation emits expected domain event when applicable | UI exposes loading, empty, error, forbidden and success states | contract tests cover primary API endpoint and validation errors",adapter unavailable; stale projection; feature disabled; tenant suspended; cross-tenant access attempt; duplicate/idempotent request; revoked access,CL-004|CL-005|CL-006|CL-009|CL-012,/member-home,"member_home.rebuilt, delivery.plan_materialized",PB_ERR_TENANT_SCOPE_DENIED|PB_ERR_AUTH_REQUIRED,unit:guard; integration:mutation+outbox; contract:api; e2e:screen flow; security:tenant isolation,PB-CURSOR-004,MVP-S1,READY_FOR_G1_G4_HANDOFF
US-004-RUNTIME,B-004,Branded Client App,RUNTIME,Client,Client,use Branded Client App in the live journey/commerce experience,the client/coach flow works end-to-end with correct access and state,tenant exists; actor authenticated; feature enabled where required; Core/DB/Payment adapter availability explicit,Open relevant surface (CL-004|CL-005|CL-006|CL-009|CL-012) -> perform action -> backend validates tenant/access/feature guards -> persist mutation/projection -> emit event/audit -> UI updates state.,"B-004 supports tenant-scoped happy path for Branded Client App | unauthorized actor is denied before mutation | forbidden cross-tenant access returns forbidden state and audit event | successful mutation emits expected domain event when applicable | UI exposes loading, empty, error, forbidden and success states | contract tests cover primary API endpoint and validation errors",adapter unavailable; stale projection; feature disabled; tenant suspended; cross-tenant access attempt; duplicate/idempotent request; revoked access,CL-004|CL-005|CL-006|CL-009|CL-012,/member-home,"member_home.rebuilt, delivery.plan_materialized",PB_ERR_TENANT_SCOPE_DENIED|PB_ERR_AUTH_REQUIRED,unit:guard; integration:mutation+outbox; contract:api; e2e:screen flow; security:tenant isolation,PB-CURSOR-004,MVP-S1,READY_FOR_G1_G4_HANDOFF
US-004-CONTROL,B-004,Branded Client App,CONTROL,Platform Admin / Support,Platform Admin / Support,"inspect, support and audit Branded Client App","failures, permissions and incidents are diagnosable without unsafe data access",tenant exists; actor authenticated; feature enabled where required; Core/DB/Payment adapter availability explicit,Open relevant surface (CL-004|CL-005|CL-006|CL-009|CL-012) -> perform action -> backend validates tenant/access/feature guards -> persist mutation/projection -> emit event/audit -> UI updates state.,"B-004 supports tenant-scoped happy path for Branded Client App | unauthorized actor is denied before mutation | forbidden cross-tenant access returns forbidden state and audit event | successful mutation emits expected domain event when applicable | UI exposes loading, empty, error, forbidden and success states | contract tests cover primary API endpoint and validation errors",adapter unavailable; stale projection; feature disabled; tenant suspended; cross-tenant access attempt; duplicate/idempotent request; revoked access,CL-004|CL-005|CL-006|CL-009|CL-012,/member-home,"member_home.rebuilt, delivery.plan_materialized",PB_ERR_TENANT_SCOPE_DENIED|PB_ERR_AUTH_REQUIRED,unit:guard; integration:mutation+outbox; contract:api; e2e:screen flow; security:tenant isolation,PB-CURSOR-004,MVP-S1,READY_FOR_G1_G4_HANDOFF
US-005-CONFIG,B-005,Tenant App Blueprint,CONFIG,Tenant Admin,Tenant Admin,configure and operate Tenant App Blueprint,the platform can deliver Tenant App Blueprint in first-party and/or tenant mode without custom code,tenant exists; actor authenticated; feature enabled where required; Core/DB/Payment adapter availability explicit,Open relevant surface (ADM-003|ADM-004|ADM-011|OPS-003|OPS-006) -> perform action -> backend validates tenant/access/feature guards -> persist mutation/projection -> emit event/audit -> UI updates state.,"B-005 supports tenant-scoped happy path for Tenant App Blueprint | unauthorized actor is denied before mutation | forbidden cross-tenant access returns forbidden state and audit event | successful mutation emits expected domain event when applicable | UI exposes loading, empty, error, forbidden and success states | contract tests cover primary API endpoint and validation errors",adapter unavailable; stale projection; feature disabled; tenant suspended; cross-tenant access attempt; duplicate/idempotent request; revoked access,ADM-003|ADM-004|ADM-011|OPS-003|OPS-006,/tenant-blueprints,tenant.blueprint_activated,PB_ERR_TENANT_SCOPE_DENIED|PB_ERR_AUTH_REQUIRED|PB_ERR_BLUEPRINT_VALIDATION_FAILED|PB_ERR_FEATURE_DEPENDENCY_MISSING,unit:guard; integration:mutation+outbox; contract:api; e2e:screen flow; security:tenant isolation,PB-CURSOR-001,MVP-S0,READY_FOR_G1_G4_HANDOFF
US-005-RUNTIME,B-005,Tenant App Blueprint,RUNTIME,Tenant Admin,Tenant Admin,use Tenant App Blueprint in the live journey/commerce experience,the client/coach flow works end-to-end with correct access and state,tenant exists; actor authenticated; feature enabled where required; Core/DB/Payment adapter availability explicit,Open relevant surface (ADM-003|ADM-004|ADM-011|OPS-003|OPS-006) -> perform action -> backend validates tenant/access/feature guards -> persist mutation/projection -> emit event/audit -> UI updates state.,"B-005 supports tenant-scoped happy path for Tenant App Blueprint | unauthorized actor is denied before mutation | forbidden cross-tenant access returns forbidden state and audit event | successful mutation emits expected domain event when applicable | UI exposes loading, empty, error, forbidden and success states | contract tests cover primary API endpoint and validation errors",adapter unavailable; stale projection; feature disabled; tenant suspended; cross-tenant access attempt; duplicate/idempotent request; revoked access,ADM-003|ADM-004|ADM-011|OPS-003|OPS-006,/tenant-blueprints,tenant.blueprint_activated,PB_ERR_TENANT_SCOPE_DENIED|PB_ERR_AUTH_REQUIRED|PB_ERR_BLUEPRINT_VALIDATION_FAILED|PB_ERR_FEATURE_DEPENDENCY_MISSING,unit:guard; integration:mutation+outbox; contract:api; e2e:screen flow; security:tenant isolation,PB-CURSOR-001,MVP-S0,READY_FOR_G1_G4_HANDOFF
US-005-CONTROL,B-005,Tenant App Blueprint,CONTROL,Platform Admin / Support,Platform Admin / Support,"inspect, support and audit Tenant App Blueprint","failures, permissions and incidents are diagnosable without unsafe data access",tenant exists; actor authenticated; feature enabled where required; Core/DB/Payment adapter availability explicit,Open relevant surface (ADM-003|ADM-004|ADM-011|OPS-003|OPS-006) -> perform action -> backend validates tenant/access/feature guards -> persist mutation/projection -> emit event/audit -> UI updates state.,"B-005 supports tenant-scoped happy path for Tenant App Blueprint | unauthorized actor is denied before mutation | forbidden cross-tenant access returns forbidden state and audit event | successful mutation emits expected domain event when applicable | UI exposes loading, empty, error, forbidden and success states | contract tests cover primary API endpoint and validation errors",adapter unavailable; stale projection; feature disabled; tenant suspended; cross-tenant access attempt; duplicate/idempotent request; revoked access,ADM-003|ADM-004|ADM-011|OPS-003|OPS-006,/tenant-blueprints,tenant.blueprint_activated,PB_ERR_TENANT_SCOPE_DENIED|PB_ERR_AUTH_REQUIRED|PB_ERR_BLUEPRINT_VALIDATION_FAILED|PB_ERR_FEATURE_DEPENDENCY_MISSING,unit:guard; integration:mutation+outbox; contract:api; e2e:screen flow; security:tenant isolation,PB-CURSOR-001,MVP-S0,READY_FOR_G1_G4_HANDOFF
US-006-CONFIG,B-006,Feature Configuration,CONFIG,Tenant Admin,Tenant Admin,configure and operate Feature Configuration,the platform can deliver Feature Configuration in first-party and/or tenant mode without custom code,tenant exists; actor authenticated; feature enabled where required; Core/DB/Payment adapter availability explicit,Open relevant surface (ADM-004|ADM-011|CS-001|OPS-003) -> perform action -> backend validates tenant/access/feature guards -> persist mutation/projection -> emit event/audit -> UI updates state.,"B-006 supports tenant-scoped happy path for Feature Configuration | unauthorized actor is denied before mutation | forbidden cross-tenant access returns forbidden state and audit event | successful mutation emits expected domain event when applicable | UI exposes loading, empty, error, forbidden and success states | contract tests cover primary API endpoint and validation errors",adapter unavailable; stale projection; feature disabled; tenant suspended; cross-tenant access attempt; duplicate/idempotent request; revoked access,ADM-004|ADM-011|CS-001|OPS-003,/feature-configurations,tenant.feature_config_updated,PB_ERR_TENANT_SCOPE_DENIED|PB_ERR_AUTH_REQUIRED|PB_ERR_BLUEPRINT_VALIDATION_FAILED|PB_ERR_FEATURE_DEPENDENCY_MISSING,unit:guard; integration:mutation+outbox; contract:api; e2e:screen flow; security:tenant isolation,PB-CURSOR-002,MVP-S0,READY_FOR_G1_G4_HANDOFF
US-006-RUNTIME,B-006,Feature Configuration,RUNTIME,Tenant Admin,Tenant Admin,use Feature Configuration in the live journey/commerce experience,the client/coach flow works end-to-end with correct access and state,tenant exists; actor authenticated; feature enabled where required; Core/DB/Payment adapter availability explicit,Open relevant surface (ADM-004|ADM-011|CS-001|OPS-003) -> perform action -> backend validates tenant/access/feature guards -> persist mutation/projection -> emit event/audit -> UI updates state.,"B-006 supports tenant-scoped happy path for Feature Configuration | unauthorized actor is denied before mutation | forbidden cross-tenant access returns forbidden state and audit event | successful mutation emits expected domain event when applicable | UI exposes loading, empty, error, forbidden and success states | contract tests cover primary API endpoint and validation errors",adapter unavailable; stale projection; feature disabled; tenant suspended; cross-tenant access attempt; duplicate/idempotent request; revoked access,ADM-004|ADM-011|CS-001|OPS-003,/feature-configurations,tenant.feature_config_updated,PB_ERR_TENANT_SCOPE_DENIED|PB_ERR_AUTH_REQUIRED|PB_ERR_BLUEPRINT_VALIDATION_FAILED|PB_ERR_FEATURE_DEPENDENCY_MISSING,unit:guard; integration:mutation+outbox; contract:api; e2e:screen flow; security:tenant isolation,PB-CURSOR-002,MVP-S0,READY_FOR_G1_G4_HANDOFF
US-006-CONTROL,B-006,Feature Configuration,CONTROL,Platform Admin / Support,Platform Admin / Support,"inspect, support and audit Feature Configuration","failures, permissions and incidents are diagnosable without unsafe data access",tenant exists; actor authenticated; feature enabled where required; Core/DB/Payment adapter availability explicit,Open relevant surface (ADM-004|ADM-011|CS-001|OPS-003) -> perform action -> backend validates tenant/access/feature guards -> persist mutation/projection -> emit event/audit -> UI updates state.,"B-006 supports tenant-scoped happy path for Feature Configuration | unauthorized actor is denied before mutation | forbidden cross-tenant access returns forbidden state and audit event | successful mutation emits expected domain event when applicable | UI exposes loading, empty, error, forbidden and success states | contract tests cover primary API endpoint and validation errors",adapter unavailable; stale projection; feature disabled; tenant suspended; cross-tenant access attempt; duplicate/idempotent request; revoked access,ADM-004|ADM-011|CS-001|OPS-003,/feature-configurations,tenant.feature_config_updated,PB_ERR_TENANT_SCOPE_DENIED|PB_ERR_AUTH_REQUIRED|PB_ERR_BLUEPRINT_VALIDATION_FAILED|PB_ERR_FEATURE_DEPENDENCY_MISSING,unit:guard; integration:mutation+outbox; contract:api; e2e:screen flow; security:tenant isolation,PB-CURSOR-002,MVP-S0,READY_FOR_G1_G4_HANDOFF
US-007-CONFIG,B-007,Branding / Theme,CONFIG,Tenant Admin,Tenant Admin,configure and operate Branding / Theme,the platform can deliver Branding / Theme in first-party and/or tenant mode without custom code,tenant exists; actor authenticated; feature enabled where required; Core/DB/Payment adapter availability explicit,Open relevant surface (ADM-005|CL-004|CS-001|OPS-006) -> perform action -> backend validates tenant/access/feature guards -> persist mutation/projection -> emit event/audit -> UI updates state.,"B-007 supports tenant-scoped happy path for Branding / Theme | unauthorized actor is denied before mutation | forbidden cross-tenant access returns forbidden state and audit event | successful mutation emits expected domain event when applicable | UI exposes loading, empty, error, forbidden and success states | contract tests cover primary API endpoint and validation errors",adapter unavailable; stale projection; feature disabled; tenant suspended; cross-tenant access attempt; duplicate/idempotent request; revoked access,ADM-005|CL-004|CS-001|OPS-006,/tenant-branding,tenant.branding_updated,PB_ERR_TENANT_SCOPE_DENIED|PB_ERR_AUTH_REQUIRED|PB_ERR_BLUEPRINT_VALIDATION_FAILED|PB_ERR_FEATURE_DEPENDENCY_MISSING,unit:guard; integration:mutation+outbox; contract:api; e2e:screen flow; security:tenant isolation,PB-CURSOR-001,MVP-S1,READY_FOR_G1_G4_HANDOFF
US-007-RUNTIME,B-007,Branding / Theme,RUNTIME,Tenant Admin,Tenant Admin,use Branding / Theme in the live journey/commerce experience,the client/coach flow works end-to-end with correct access and state,tenant exists; actor authenticated; feature enabled where required; Core/DB/Payment adapter availability explicit,Open relevant surface (ADM-005|CL-004|CS-001|OPS-006) -> perform action -> backend validates tenant/access/feature guards -> persist mutation/projection -> emit event/audit -> UI updates state.,"B-007 supports tenant-scoped happy path for Branding / Theme | unauthorized actor is denied before mutation | forbidden cross-tenant access returns forbidden state and audit event | successful mutation emits expected domain event when applicable | UI exposes loading, empty, error, forbidden and success states | contract tests cover primary API endpoint and validation errors",adapter unavailable; stale projection; feature disabled; tenant suspended; cross-tenant access attempt; duplicate/idempotent request; revoked access,ADM-005|CL-004|CS-001|OPS-006,/tenant-branding,tenant.branding_updated,PB_ERR_TENANT_SCOPE_DENIED|PB_ERR_AUTH_REQUIRED|PB_ERR_BLUEPRINT_VALIDATION_FAILED|PB_ERR_FEATURE_DEPENDENCY_MISSING,unit:guard; integration:mutation+outbox; contract:api; e2e:screen flow; security:tenant isolation,PB-CURSOR-001,MVP-S1,READY_FOR_G1_G4_HANDOFF
US-007-CONTROL,B-007,Branding / Theme,CONTROL,Platform Admin / Support,Platform Admin / Support,"inspect, support and audit Branding / Theme","failures, permissions and incidents are diagnosable without unsafe data access",tenant exists; actor authenticated; feature enabled where required; Core/DB/Payment adapter availability explicit,Open relevant surface (ADM-005|CL-004|CS-001|OPS-006) -> perform action -> backend validates tenant/access/feature guards -> persist mutation/projection -> emit event/audit -> UI updates state.,"B-007 supports tenant-scoped happy path for Branding / Theme | unauthorized actor is denied before mutation | forbidden cross-tenant access returns forbidden state and audit event | successful mutation emits expected domain event when applicable | UI exposes loading, empty, error, forbidden and success states | contract tests cover primary API endpoint and validation errors",adapter unavailable; stale projection; feature disabled; tenant suspended; cross-tenant access attempt; duplicate/idempotent request; revoked access,ADM-005|CL-004|CS-001|OPS-006,/tenant-branding,tenant.branding_updated,PB_ERR_TENANT_SCOPE_DENIED|PB_ERR_AUTH_REQUIRED|PB_ERR_BLUEPRINT_VALIDATION_FAILED|PB_ERR_FEATURE_DEPENDENCY_MISSING,unit:guard; integration:mutation+outbox; contract:api; e2e:screen flow; security:tenant isolation,PB-CURSOR-001,MVP-S1,READY_FOR_G1_G4_HANDOFF
US-008-CONFIG,B-008,Onboarding Flow,CONFIG,Client + Tenant Admin,Client + Tenant Admin,configure and operate Onboarding Flow,the platform can deliver Onboarding Flow in first-party and/or tenant mode without custom code,tenant exists; actor authenticated; feature enabled where required; Core/DB/Payment adapter availability explicit,Open relevant surface (ADM-006|CL-001|CL-002|CL-003|OPS-005) -> perform action -> backend validates tenant/access/feature guards -> persist mutation/projection -> emit event/audit -> UI updates state.,"B-008 supports tenant-scoped happy path for Onboarding Flow | unauthorized actor is denied before mutation | forbidden cross-tenant access returns forbidden state and audit event | successful mutation emits expected domain event when applicable | UI exposes loading, empty, error, forbidden and success states | contract tests cover primary API endpoint and validation errors",adapter unavailable; stale projection; feature disabled; tenant suspended; cross-tenant access attempt; duplicate/idempotent request; revoked access,ADM-006|CL-001|CL-002|CL-003|OPS-005,/onboarding-flows,"onboarding.flow_published, onboarding.submitted",PB_ERR_TENANT_SCOPE_DENIED|PB_ERR_AUTH_REQUIRED|PB_ERR_BLUEPRINT_VALIDATION_FAILED|PB_ERR_FEATURE_DEPENDENCY_MISSING,unit:guard; integration:mutation+outbox; contract:api; e2e:screen flow; security:tenant isolation,PB-CURSOR-003,MVP-S1,READY_FOR_G1_G4_HANDOFF
US-008-RUNTIME,B-008,Onboarding Flow,RUNTIME,Client + Tenant Admin,Client + Tenant Admin,use Onboarding Flow in the live journey/commerce experience,the client/coach flow works end-to-end with correct access and state,tenant exists; actor authenticated; feature enabled where required; Core/DB/Payment adapter availability explicit,Open relevant surface (ADM-006|CL-001|CL-002|CL-003|OPS-005) -> perform action -> backend validates tenant/access/feature guards -> persist mutation/projection -> emit event/audit -> UI updates state.,"B-008 supports tenant-scoped happy path for Onboarding Flow | unauthorized actor is denied before mutation | forbidden cross-tenant access returns forbidden state and audit event | successful mutation emits expected domain event when applicable | UI exposes loading, empty, error, forbidden and success states | contract tests cover primary API endpoint and validation errors",adapter unavailable; stale projection; feature disabled; tenant suspended; cross-tenant access attempt; duplicate/idempotent request; revoked access,ADM-006|CL-001|CL-002|CL-003|OPS-005,/onboarding-flows,"onboarding.flow_published, onboarding.submitted",PB_ERR_TENANT_SCOPE_DENIED|PB_ERR_AUTH_REQUIRED|PB_ERR_BLUEPRINT_VALIDATION_FAILED|PB_ERR_FEATURE_DEPENDENCY_MISSING,unit:guard; integration:mutation+outbox; contract:api; e2e:screen flow; security:tenant isolation,PB-CURSOR-003,MVP-S1,READY_FOR_G1_G4_HANDOFF
US-008-CONTROL,B-008,Onboarding Flow,CONTROL,Platform Admin / Support,Platform Admin / Support,"inspect, support and audit Onboarding Flow","failures, permissions and incidents are diagnosable without unsafe data access",tenant exists; actor authenticated; feature enabled where required; Core/DB/Payment adapter availability explicit,Open relevant surface (ADM-006|CL-001|CL-002|CL-003|OPS-005) -> perform action -> backend validates tenant/access/feature guards -> persist mutation/projection -> emit event/audit -> UI updates state.,"B-008 supports tenant-scoped happy path for Onboarding Flow | unauthorized actor is denied before mutation | forbidden cross-tenant access returns forbidden state and audit event | successful mutation emits expected domain event when applicable | UI exposes loading, empty, error, forbidden and success states | contract tests cover primary API endpoint and validation errors",adapter unavailable; stale projection; feature disabled; tenant suspended; cross-tenant access attempt; duplicate/idempotent request; revoked access,ADM-006|CL-001|CL-002|CL-003|OPS-005,/onboarding-flows,"onboarding.flow_published, onboarding.submitted",PB_ERR_TENANT_SCOPE_DENIED|PB_ERR_AUTH_REQUIRED|PB_ERR_BLUEPRINT_VALIDATION_FAILED|PB_ERR_FEATURE_DEPENDENCY_MISSING,unit:guard; integration:mutation+outbox; contract:api; e2e:screen flow; security:tenant isolation,PB-CURSOR-003,MVP-S1,READY_FOR_G1_G4_HANDOFF
US-009-CONFIG,B-009,Member Area / Client Portal,CONFIG,Client,Client,configure and operate Member Area / Client Portal,the platform can deliver Member Area / Client Portal in first-party and/or tenant mode without custom code,tenant exists; actor authenticated; feature enabled where required; Core/DB/Payment adapter availability explicit,Open relevant surface (CL-004|CL-005|CL-009|CL-015|OPS-003) -> perform action -> backend validates tenant/access/feature guards -> persist mutation/projection -> emit event/audit -> UI updates state.,"B-009 supports tenant-scoped happy path for Member Area / Client Portal | unauthorized actor is denied before mutation | forbidden cross-tenant access returns forbidden state and audit event | successful mutation emits expected domain event when applicable | UI exposes loading, empty, error, forbidden and success states | contract tests cover primary API endpoint and validation errors",adapter unavailable; stale projection; feature disabled; tenant suspended; cross-tenant access attempt; duplicate/idempotent request; revoked access,CL-004|CL-005|CL-009|CL-015|OPS-003,/member-home,"content.assigned, member_home.rebuilt",PB_ERR_TENANT_SCOPE_DENIED|PB_ERR_AUTH_REQUIRED|PB_ERR_ENTITLEMENT_DENIED|PB_ERR_ACCESS_REVOKED,unit:guard; integration:mutation+outbox; contract:api; e2e:screen flow; security:tenant isolation,PB-CURSOR-004,MVP-S1,READY_FOR_G1_G4_HANDOFF
US-009-RUNTIME,B-009,Member Area / Client Portal,RUNTIME,Client,Client,use Member Area / Client Portal in the live journey/commerce experience,the client/coach flow works end-to-end with correct access and state,tenant exists; actor authenticated; feature enabled where required; Core/DB/Payment adapter availability explicit,Open relevant surface (CL-004|CL-005|CL-009|CL-015|OPS-003) -> perform action -> backend validates tenant/access/feature guards -> persist mutation/projection -> emit event/audit -> UI updates state.,"B-009 supports tenant-scoped happy path for Member Area / Client Portal | unauthorized actor is denied before mutation | forbidden cross-tenant access returns forbidden state and audit event | successful mutation emits expected domain event when applicable | UI exposes loading, empty, error, forbidden and success states | contract tests cover primary API endpoint and validation errors",adapter unavailable; stale projection; feature disabled; tenant suspended; cross-tenant access attempt; duplicate/idempotent request; revoked access,CL-004|CL-005|CL-009|CL-015|OPS-003,/member-home,"content.assigned, member_home.rebuilt",PB_ERR_TENANT_SCOPE_DENIED|PB_ERR_AUTH_REQUIRED|PB_ERR_ENTITLEMENT_DENIED|PB_ERR_ACCESS_REVOKED,unit:guard; integration:mutation+outbox; contract:api; e2e:screen flow; security:tenant isolation,PB-CURSOR-004,MVP-S1,READY_FOR_G1_G4_HANDOFF
US-009-CONTROL,B-009,Member Area / Client Portal,CONTROL,Platform Admin / Support,Platform Admin / Support,"inspect, support and audit Member Area / Client Portal","failures, permissions and incidents are diagnosable without unsafe data access",tenant exists; actor authenticated; feature enabled where required; Core/DB/Payment adapter availability explicit,Open relevant surface (CL-004|CL-005|CL-009|CL-015|OPS-003) -> perform action -> backend validates tenant/access/feature guards -> persist mutation/projection -> emit event/audit -> UI updates state.,"B-009 supports tenant-scoped happy path for Member Area / Client Portal | unauthorized actor is denied before mutation | forbidden cross-tenant access returns forbidden state and audit event | successful mutation emits expected domain event when applicable | UI exposes loading, empty, error, forbidden and success states | contract tests cover primary API endpoint and validation errors",adapter unavailable; stale projection; feature disabled; tenant suspended; cross-tenant access attempt; duplicate/idempotent request; revoked access,CL-004|CL-005|CL-009|CL-015|OPS-003,/member-home,"content.assigned, member_home.rebuilt",PB_ERR_TENANT_SCOPE_DENIED|PB_ERR_AUTH_REQUIRED|PB_ERR_ENTITLEMENT_DENIED|PB_ERR_ACCESS_REVOKED,unit:guard; integration:mutation+outbox; contract:api; e2e:screen flow; security:tenant isolation,PB-CURSOR-004,MVP-S1,READY_FOR_G1_G4_HANDOFF
US-010-CONFIG,B-010,Journey Authoring / Versioning,CONFIG,Coach,Coach,configure and operate Journey Authoring / Versioning,the platform can deliver Journey Authoring / Versioning in first-party and/or tenant mode without custom code,tenant exists; actor authenticated; feature enabled where required; Core/DB/Payment adapter availability explicit,Open relevant surface (CS-007|CS-008|CS-009|OPS-006) -> perform action -> backend validates tenant/access/feature guards -> persist mutation/projection -> emit event/audit -> UI updates state.,"B-010 supports tenant-scoped happy path for Journey Authoring / Versioning | unauthorized actor is denied before mutation | forbidden cross-tenant access returns forbidden state and audit event | successful mutation emits expected domain event when applicable | UI exposes loading, empty, error, forbidden and success states | contract tests cover primary API endpoint and validation errors",adapter unavailable; stale projection; feature disabled; tenant suspended; cross-tenant access attempt; duplicate/idempotent request; revoked access,CS-007|CS-008|CS-009|OPS-006,/journeys,"journey.draft_created, journey.version_published",PB_ERR_TENANT_SCOPE_DENIED|PB_ERR_AUTH_REQUIRED|PB_ERR_PUBLISH_VALIDATION_FAILED|PB_ERR_CANONICAL_REF_INVALID,unit:guard; integration:mutation+outbox; contract:api; e2e:screen flow; security:tenant isolation,PB-CURSOR-005,MVP-S1,READY_FOR_G1_G4_HANDOFF
US-010-RUNTIME,B-010,Journey Authoring / Versioning,RUNTIME,Coach,Coach,use Journey Authoring / Versioning in the live journey/commerce experience,the client/coach flow works end-to-end with correct access and state,tenant exists; actor authenticated; feature enabled where required; Core/DB/Payment adapter availability explicit,Open relevant surface (CS-007|CS-008|CS-009|OPS-006) -> perform action -> backend validates tenant/access/feature guards -> persist mutation/projection -> emit event/audit -> UI updates state.,"B-010 supports tenant-scoped happy path for Journey Authoring / Versioning | unauthorized actor is denied before mutation | forbidden cross-tenant access returns forbidden state and audit event | successful mutation emits expected domain event when applicable | UI exposes loading, empty, error, forbidden and success states | contract tests cover primary API endpoint and validation errors",adapter unavailable; stale projection; feature disabled; tenant suspended; cross-tenant access attempt; duplicate/idempotent request; revoked access,CS-007|CS-008|CS-009|OPS-006,/journeys,"journey.draft_created, journey.version_published",PB_ERR_TENANT_SCOPE_DENIED|PB_ERR_AUTH_REQUIRED|PB_ERR_PUBLISH_VALIDATION_FAILED|PB_ERR_CANONICAL_REF_INVALID,unit:guard; integration:mutation+outbox; contract:api; e2e:screen flow; security:tenant isolation,PB-CURSOR-005,MVP-S1,READY_FOR_G1_G4_HANDOFF
US-010-CONTROL,B-010,Journey Authoring / Versioning,CONTROL,Platform Admin / Support,Platform Admin / Support,"inspect, support and audit Journey Authoring / Versioning","failures, permissions and incidents are diagnosable without unsafe data access",tenant exists; actor authenticated; feature enabled where required; Core/DB/Payment adapter availability explicit,Open relevant surface (CS-007|CS-008|CS-009|OPS-006) -> perform action -> backend validates tenant/access/feature guards -> persist mutation/projection -> emit event/audit -> UI updates state.,"B-010 supports tenant-scoped happy path for Journey Authoring / Versioning | unauthorized actor is denied before mutation | forbidden cross-tenant access returns forbidden state and audit event | successful mutation emits expected domain event when applicable | UI exposes loading, empty, error, forbidden and success states | contract tests cover primary API endpoint and validation errors",adapter unavailable; stale projection; feature disabled; tenant suspended; cross-tenant access attempt; duplicate/idempotent request; revoked access,CS-007|CS-008|CS-009|OPS-006,/journeys,"journey.draft_created, journey.version_published",PB_ERR_TENANT_SCOPE_DENIED|PB_ERR_AUTH_REQUIRED|PB_ERR_PUBLISH_VALIDATION_FAILED|PB_ERR_CANONICAL_REF_INVALID,unit:guard; integration:mutation+outbox; contract:api; e2e:screen flow; security:tenant isolation,PB-CURSOR-005,MVP-S1,READY_FOR_G1_G4_HANDOFF
US-011-CONFIG,B-011,Content Management / Delivery,CONFIG,Coach + Client,Coach + Client,configure and operate Content Management / Delivery,the platform can deliver Content Management / Delivery in first-party and/or tenant mode without custom code,tenant exists; actor authenticated; feature enabled where required; Core/DB/Payment adapter availability explicit,Open relevant surface (CS-010|CS-011|CL-009|CL-006|OPS-006) -> perform action -> backend validates tenant/access/feature guards -> persist mutation/projection -> emit event/audit -> UI updates state.,"B-011 supports tenant-scoped happy path for Content Management / Delivery | unauthorized actor is denied before mutation | forbidden cross-tenant access returns forbidden state and audit event | successful mutation emits expected domain event when applicable | UI exposes loading, empty, error, forbidden and success states | contract tests cover primary API endpoint and validation errors",adapter unavailable; stale projection; feature disabled; tenant suspended; cross-tenant access attempt; duplicate/idempotent request; revoked access,CS-010|CS-011|CL-009|CL-006|OPS-006,/content-spaces,"content.item_created, content.canonical_ref_bound",PB_ERR_TENANT_SCOPE_DENIED|PB_ERR_AUTH_REQUIRED|PB_ERR_PUBLISH_VALIDATION_FAILED|PB_ERR_CANONICAL_REF_INVALID,unit:guard; integration:mutation+outbox; contract:api; e2e:screen flow; security:tenant isolation,PB-CURSOR-005,MVP-S1,READY_FOR_G1_G4_HANDOFF
US-011-RUNTIME,B-011,Content Management / Delivery,RUNTIME,Coach + Client,Coach + Client,use Content Management / Delivery in the live journey/commerce experience,the client/coach flow works end-to-end with correct access and state,tenant exists; actor authenticated; feature enabled where required; Core/DB/Payment adapter availability explicit,Open relevant surface (CS-010|CS-011|CL-009|CL-006|OPS-006) -> perform action -> backend validates tenant/access/feature guards -> persist mutation/projection -> emit event/audit -> UI updates state.,"B-011 supports tenant-scoped happy path for Content Management / Delivery | unauthorized actor is denied before mutation | forbidden cross-tenant access returns forbidden state and audit event | successful mutation emits expected domain event when applicable | UI exposes loading, empty, error, forbidden and success states | contract tests cover primary API endpoint and validation errors",adapter unavailable; stale projection; feature disabled; tenant suspended; cross-tenant access attempt; duplicate/idempotent request; revoked access,CS-010|CS-011|CL-009|CL-006|OPS-006,/content-spaces,"content.item_created, content.canonical_ref_bound",PB_ERR_TENANT_SCOPE_DENIED|PB_ERR_AUTH_REQUIRED|PB_ERR_PUBLISH_VALIDATION_FAILED|PB_ERR_CANONICAL_REF_INVALID,unit:guard; integration:mutation+outbox; contract:api; e2e:screen flow; security:tenant isolation,PB-CURSOR-005,MVP-S1,READY_FOR_G1_G4_HANDOFF
US-011-CONTROL,B-011,Content Management / Delivery,CONTROL,Platform Admin / Support,Platform Admin / Support,"inspect, support and audit Content Management / Delivery","failures, permissions and incidents are diagnosable without unsafe data access",tenant exists; actor authenticated; feature enabled where required; Core/DB/Payment adapter availability explicit,Open relevant surface (CS-010|CS-011|CL-009|CL-006|OPS-006) -> perform action -> backend validates tenant/access/feature guards -> persist mutation/projection -> emit event/audit -> UI updates state.,"B-011 supports tenant-scoped happy path for Content Management / Delivery | unauthorized actor is denied before mutation | forbidden cross-tenant access returns forbidden state and audit event | successful mutation emits expected domain event when applicable | UI exposes loading, empty, error, forbidden and success states | contract tests cover primary API endpoint and validation errors",adapter unavailable; stale projection; feature disabled; tenant suspended; cross-tenant access attempt; duplicate/idempotent request; revoked access,CS-010|CS-011|CL-009|CL-006|OPS-006,/content-spaces,"content.item_created, content.canonical_ref_bound",PB_ERR_TENANT_SCOPE_DENIED|PB_ERR_AUTH_REQUIRED|PB_ERR_PUBLISH_VALIDATION_FAILED|PB_ERR_CANONICAL_REF_INVALID,unit:guard; integration:mutation+outbox; contract:api; e2e:screen flow; security:tenant isolation,PB-CURSOR-005,MVP-S1,READY_FOR_G1_G4_HANDOFF
US-012-CONFIG,B-012,Assignment / Enrollment,CONFIG,Coach,Coach,configure and operate Assignment / Enrollment,the platform can deliver Assignment / Enrollment in first-party and/or tenant mode without custom code,tenant exists; actor authenticated; feature enabled where required; Core/DB/Payment adapter availability explicit,Open relevant surface (CS-005|CS-012|CS-013|CL-004|OPS-003) -> perform action -> backend validates tenant/access/feature guards -> persist mutation/projection -> emit event/audit -> UI updates state.,"B-012 supports tenant-scoped happy path for Assignment / Enrollment | unauthorized actor is denied before mutation | forbidden cross-tenant access returns forbidden state and audit event | successful mutation emits expected domain event when applicable | UI exposes loading, empty, error, forbidden and success states | contract tests cover primary API endpoint and validation errors",adapter unavailable; stale projection; feature disabled; tenant suspended; cross-tenant access attempt; duplicate/idempotent request; revoked access,CS-005|CS-012|CS-013|CL-004|OPS-003,/assignments,"journey.assigned, enrollment.started",PB_ERR_TENANT_SCOPE_DENIED|PB_ERR_AUTH_REQUIRED|PB_ERR_ENTITLEMENT_DENIED|PB_ERR_ACCESS_REVOKED,unit:guard; integration:mutation+outbox; contract:api; e2e:screen flow; security:tenant isolation,PB-CURSOR-006,MVP-S1,READY_FOR_G1_G4_HANDOFF
US-012-RUNTIME,B-012,Assignment / Enrollment,RUNTIME,Coach,Coach,use Assignment / Enrollment in the live journey/commerce experience,the client/coach flow works end-to-end with correct access and state,tenant exists; actor authenticated; feature enabled where required; Core/DB/Payment adapter availability explicit,Open relevant surface (CS-005|CS-012|CS-013|CL-004|OPS-003) -> perform action -> backend validates tenant/access/feature guards -> persist mutation/projection -> emit event/audit -> UI updates state.,"B-012 supports tenant-scoped happy path for Assignment / Enrollment | unauthorized actor is denied before mutation | forbidden cross-tenant access returns forbidden state and audit event | successful mutation emits expected domain event when applicable | UI exposes loading, empty, error, forbidden and success states | contract tests cover primary API endpoint and validation errors",adapter unavailable; stale projection; feature disabled; tenant suspended; cross-tenant access attempt; duplicate/idempotent request; revoked access,CS-005|CS-012|CS-013|CL-004|OPS-003,/assignments,"journey.assigned, enrollment.started",PB_ERR_TENANT_SCOPE_DENIED|PB_ERR_AUTH_REQUIRED|PB_ERR_ENTITLEMENT_DENIED|PB_ERR_ACCESS_REVOKED,unit:guard; integration:mutation+outbox; contract:api; e2e:screen flow; security:tenant isolation,PB-CURSOR-006,MVP-S1,READY_FOR_G1_G4_HANDOFF
US-012-CONTROL,B-012,Assignment / Enrollment,CONTROL,Platform Admin / Support,Platform Admin / Support,"inspect, support and audit Assignment / Enrollment","failures, permissions and incidents are diagnosable without unsafe data access",tenant exists; actor authenticated; feature enabled where required; Core/DB/Payment adapter availability explicit,Open relevant surface (CS-005|CS-012|CS-013|CL-004|OPS-003) -> perform action -> backend validates tenant/access/feature guards -> persist mutation/projection -> emit event/audit -> UI updates state.,"B-012 supports tenant-scoped happy path for Assignment / Enrollment | unauthorized actor is denied before mutation | forbidden cross-tenant access returns forbidden state and audit event | successful mutation emits expected domain event when applicable | UI exposes loading, empty, error, forbidden and success states | contract tests cover primary API endpoint and validation errors",adapter unavailable; stale projection; feature disabled; tenant suspended; cross-tenant access attempt; duplicate/idempotent request; revoked access,CS-005|CS-012|CS-013|CL-004|OPS-003,/assignments,"journey.assigned, enrollment.started",PB_ERR_TENANT_SCOPE_DENIED|PB_ERR_AUTH_REQUIRED|PB_ERR_ENTITLEMENT_DENIED|PB_ERR_ACCESS_REVOKED,unit:guard; integration:mutation+outbox; contract:api; e2e:screen flow; security:tenant isolation,PB-CURSOR-006,MVP-S1,READY_FOR_G1_G4_HANDOFF
US-013-CONFIG,B-013,Progress / Next Step,CONFIG,Client + Coach,Client + Coach,configure and operate Progress / Next Step,the platform can deliver Progress / Next Step in first-party and/or tenant mode without custom code,tenant exists; actor authenticated; feature enabled where required; Core/DB/Payment adapter availability explicit,Open relevant surface (CL-004|CL-006|CL-007|CL-008|CS-018) -> perform action -> backend validates tenant/access/feature guards -> persist mutation/projection -> emit event/audit -> UI updates state.,"B-013 supports tenant-scoped happy path for Progress / Next Step | unauthorized actor is denied before mutation | forbidden cross-tenant access returns forbidden state and audit event | successful mutation emits expected domain event when applicable | UI exposes loading, empty, error, forbidden and success states | contract tests cover primary API endpoint and validation errors",adapter unavailable; stale projection; feature disabled; tenant suspended; cross-tenant access attempt; duplicate/idempotent request; revoked access,CL-004|CL-006|CL-007|CL-008|CS-018,/progress,"task.completed, reflection.submitted",PB_ERR_TENANT_SCOPE_DENIED|PB_ERR_AUTH_REQUIRED|PB_ERR_ENTITLEMENT_DENIED|PB_ERR_ACCESS_REVOKED,unit:guard; integration:mutation+outbox; contract:api; e2e:screen flow; security:tenant isolation,PB-CURSOR-007,MVP-S1,READY_FOR_G1_G4_HANDOFF
US-013-RUNTIME,B-013,Progress / Next Step,RUNTIME,Client + Coach,Client + Coach,use Progress / Next Step in the live journey/commerce experience,the client/coach flow works end-to-end with correct access and state,tenant exists; actor authenticated; feature enabled where required; Core/DB/Payment adapter availability explicit,Open relevant surface (CL-004|CL-006|CL-007|CL-008|CS-018) -> perform action -> backend validates tenant/access/feature guards -> persist mutation/projection -> emit event/audit -> UI updates state.,"B-013 supports tenant-scoped happy path for Progress / Next Step | unauthorized actor is denied before mutation | forbidden cross-tenant access returns forbidden state and audit event | successful mutation emits expected domain event when applicable | UI exposes loading, empty, error, forbidden and success states | contract tests cover primary API endpoint and validation errors",adapter unavailable; stale projection; feature disabled; tenant suspended; cross-tenant access attempt; duplicate/idempotent request; revoked access,CL-004|CL-006|CL-007|CL-008|CS-018,/progress,"task.completed, reflection.submitted",PB_ERR_TENANT_SCOPE_DENIED|PB_ERR_AUTH_REQUIRED|PB_ERR_ENTITLEMENT_DENIED|PB_ERR_ACCESS_REVOKED,unit:guard; integration:mutation+outbox; contract:api; e2e:screen flow; security:tenant isolation,PB-CURSOR-007,MVP-S1,READY_FOR_G1_G4_HANDOFF
US-013-CONTROL,B-013,Progress / Next Step,CONTROL,Platform Admin / Support,Platform Admin / Support,"inspect, support and audit Progress / Next Step","failures, permissions and incidents are diagnosable without unsafe data access",tenant exists; actor authenticated; feature enabled where required; Core/DB/Payment adapter availability explicit,Open relevant surface (CL-004|CL-006|CL-007|CL-008|CS-018) -> perform action -> backend validates tenant/access/feature guards -> persist mutation/projection -> emit event/audit -> UI updates state.,"B-013 supports tenant-scoped happy path for Progress / Next Step | unauthorized actor is denied before mutation | forbidden cross-tenant access returns forbidden state and audit event | successful mutation emits expected domain event when applicable | UI exposes loading, empty, error, forbidden and success states | contract tests cover primary API endpoint and validation errors",adapter unavailable; stale projection; feature disabled; tenant suspended; cross-tenant access attempt; duplicate/idempotent request; revoked access,CL-004|CL-006|CL-007|CL-008|CS-018,/progress,"task.completed, reflection.submitted",PB_ERR_TENANT_SCOPE_DENIED|PB_ERR_AUTH_REQUIRED|PB_ERR_ENTITLEMENT_DENIED|PB_ERR_ACCESS_REVOKED,unit:guard; integration:mutation+outbox; contract:api; e2e:screen flow; security:tenant isolation,PB-CURSOR-007,MVP-S1,READY_FOR_G1_G4_HANDOFF
US-014-CONFIG,B-014,Notifications,CONFIG,Client + Coach,Client + Coach,configure and operate Notifications,the platform can deliver Notifications in first-party and/or tenant mode without custom code,tenant exists; actor authenticated; feature enabled where required; Core/DB/Payment adapter availability explicit,Open relevant surface (ADM-007|CL-015|OPS-008|OPS-009) -> perform action -> backend validates tenant/access/feature guards -> persist mutation/projection -> emit event/audit -> UI updates state.,"B-014 supports tenant-scoped happy path for Notifications | unauthorized actor is denied before mutation | forbidden cross-tenant access returns forbidden state and audit event | successful mutation emits expected domain event when applicable | UI exposes loading, empty, error, forbidden and success states | contract tests cover primary API endpoint and validation errors",adapter unavailable; stale projection; feature disabled; tenant suspended; cross-tenant access attempt; duplicate/idempotent request; revoked access,ADM-007|CL-015|OPS-008|OPS-009,/notifications,"notification.scheduled, notification.sent",PB_ERR_TENANT_SCOPE_DENIED|PB_ERR_AUTH_REQUIRED|PB_ERR_ENTITLEMENT_DENIED|PB_ERR_ACCESS_REVOKED,unit:guard; integration:mutation+outbox; contract:api; e2e:screen flow; security:tenant isolation,PB-CURSOR-008,MVP-S2,READY_FOR_G1_G4_HANDOFF
US-014-RUNTIME,B-014,Notifications,RUNTIME,Client + Coach,Client + Coach,use Notifications in the live journey/commerce experience,the client/coach flow works end-to-end with correct access and state,tenant exists; actor authenticated; feature enabled where required; Core/DB/Payment adapter availability explicit,Open relevant surface (ADM-007|CL-015|OPS-008|OPS-009) -> perform action -> backend validates tenant/access/feature guards -> persist mutation/projection -> emit event/audit -> UI updates state.,"B-014 supports tenant-scoped happy path for Notifications | unauthorized actor is denied before mutation | forbidden cross-tenant access returns forbidden state and audit event | successful mutation emits expected domain event when applicable | UI exposes loading, empty, error, forbidden and success states | contract tests cover primary API endpoint and validation errors",adapter unavailable; stale projection; feature disabled; tenant suspended; cross-tenant access attempt; duplicate/idempotent request; revoked access,ADM-007|CL-015|OPS-008|OPS-009,/notifications,"notification.scheduled, notification.sent",PB_ERR_TENANT_SCOPE_DENIED|PB_ERR_AUTH_REQUIRED|PB_ERR_ENTITLEMENT_DENIED|PB_ERR_ACCESS_REVOKED,unit:guard; integration:mutation+outbox; contract:api; e2e:screen flow; security:tenant isolation,PB-CURSOR-008,MVP-S2,READY_FOR_G1_G4_HANDOFF
US-014-CONTROL,B-014,Notifications,CONTROL,Platform Admin / Support,Platform Admin / Support,"inspect, support and audit Notifications","failures, permissions and incidents are diagnosable without unsafe data access",tenant exists; actor authenticated; feature enabled where required; Core/DB/Payment adapter availability explicit,Open relevant surface (ADM-007|CL-015|OPS-008|OPS-009) -> perform action -> backend validates tenant/access/feature guards -> persist mutation/projection -> emit event/audit -> UI updates state.,"B-014 supports tenant-scoped happy path for Notifications | unauthorized actor is denied before mutation | forbidden cross-tenant access returns forbidden state and audit event | successful mutation emits expected domain event when applicable | UI exposes loading, empty, error, forbidden and success states | contract tests cover primary API endpoint and validation errors",adapter unavailable; stale projection; feature disabled; tenant suspended; cross-tenant access attempt; duplicate/idempotent request; revoked access,ADM-007|CL-015|OPS-008|OPS-009,/notifications,"notification.scheduled, notification.sent",PB_ERR_TENANT_SCOPE_DENIED|PB_ERR_AUTH_REQUIRED|PB_ERR_ENTITLEMENT_DENIED|PB_ERR_ACCESS_REVOKED,unit:guard; integration:mutation+outbox; contract:api; e2e:screen flow; security:tenant isolation,PB-CURSOR-008,MVP-S2,READY_FOR_G1_G4_HANDOFF
US-015-CONFIG,B-015,Messaging / Coach Messages,CONFIG,Client + Coach,Client + Coach,configure and operate Messaging / Coach Messages,the platform can deliver Messaging / Coach Messages in first-party and/or tenant mode without custom code,tenant exists; actor authenticated; feature enabled where required; Core/DB/Payment adapter availability explicit,Open relevant surface (CS-014|CL-010|CS-015|OPS-006) -> perform action -> backend validates tenant/access/feature guards -> persist mutation/projection -> emit event/audit -> UI updates state.,"B-015 supports tenant-scoped happy path for Messaging / Coach Messages | unauthorized actor is denied before mutation | forbidden cross-tenant access returns forbidden state and audit event | successful mutation emits expected domain event when applicable | UI exposes loading, empty, error, forbidden and success states | contract tests cover primary API endpoint and validation errors",adapter unavailable; stale projection; feature disabled; tenant suspended; cross-tenant access attempt; duplicate/idempotent request; revoked access,CS-014|CL-010|CS-015|OPS-006,/messages,"message.sent, intervention.created",PB_ERR_TENANT_SCOPE_DENIED|PB_ERR_AUTH_REQUIRED|PB_ERR_ENTITLEMENT_DENIED|PB_ERR_ACCESS_REVOKED,unit:guard; integration:mutation+outbox; contract:api; e2e:screen flow; security:tenant isolation,PB-CURSOR-009,MVP-S2,READY_FOR_G1_G4_HANDOFF
US-015-RUNTIME,B-015,Messaging / Coach Messages,RUNTIME,Client + Coach,Client + Coach,use Messaging / Coach Messages in the live journey/commerce experience,the client/coach flow works end-to-end with correct access and state,tenant exists; actor authenticated; feature enabled where required; Core/DB/Payment adapter availability explicit,Open relevant surface (CS-014|CL-010|CS-015|OPS-006) -> perform action -> backend validates tenant/access/feature guards -> persist mutation/projection -> emit event/audit -> UI updates state.,"B-015 supports tenant-scoped happy path for Messaging / Coach Messages | unauthorized actor is denied before mutation | forbidden cross-tenant access returns forbidden state and audit event | successful mutation emits expected domain event when applicable | UI exposes loading, empty, error, forbidden and success states | contract tests cover primary API endpoint and validation errors",adapter unavailable; stale projection; feature disabled; tenant suspended; cross-tenant access attempt; duplicate/idempotent request; revoked access,CS-014|CL-010|CS-015|OPS-006,/messages,"message.sent, intervention.created",PB_ERR_TENANT_SCOPE_DENIED|PB_ERR_AUTH_REQUIRED|PB_ERR_ENTITLEMENT_DENIED|PB_ERR_ACCESS_REVOKED,unit:guard; integration:mutation+outbox; contract:api; e2e:screen flow; security:tenant isolation,PB-CURSOR-009,MVP-S2,READY_FOR_G1_G4_HANDOFF
US-015-CONTROL,B-015,Messaging / Coach Messages,CONTROL,Platform Admin / Support,Platform Admin / Support,"inspect, support and audit Messaging / Coach Messages","failures, permissions and incidents are diagnosable without unsafe data access",tenant exists; actor authenticated; feature enabled where required; Core/DB/Payment adapter availability explicit,Open relevant surface (CS-014|CL-010|CS-015|OPS-006) -> perform action -> backend validates tenant/access/feature guards -> persist mutation/projection -> emit event/audit -> UI updates state.,"B-015 supports tenant-scoped happy path for Messaging / Coach Messages | unauthorized actor is denied before mutation | forbidden cross-tenant access returns forbidden state and audit event | successful mutation emits expected domain event when applicable | UI exposes loading, empty, error, forbidden and success states | contract tests cover primary API endpoint and validation errors",adapter unavailable; stale projection; feature disabled; tenant suspended; cross-tenant access attempt; duplicate/idempotent request; revoked access,CS-014|CL-010|CS-015|OPS-006,/messages,"message.sent, intervention.created",PB_ERR_TENANT_SCOPE_DENIED|PB_ERR_AUTH_REQUIRED|PB_ERR_ENTITLEMENT_DENIED|PB_ERR_ACCESS_REVOKED,unit:guard; integration:mutation+outbox; contract:api; e2e:screen flow; security:tenant isolation,PB-CURSOR-009,MVP-S2,READY_FOR_G1_G4_HANDOFF
US-016-CONFIG,B-016,Community / Moderation,CONFIG,Client + Coach + Moderator,Client + Coach + Moderator,configure and operate Community / Moderation,the platform can deliver Community / Moderation in first-party and/or tenant mode without custom code,tenant exists; actor authenticated; feature enabled where required; Core/DB/Payment adapter availability explicit,Open relevant surface (ADM-008|CL-011|CS-016|OPS-009) -> perform action -> backend validates tenant/access/feature guards -> persist mutation/projection -> emit event/audit -> UI updates state.,"B-016 supports tenant-scoped happy path for Community / Moderation | unauthorized actor is denied before mutation | forbidden cross-tenant access returns forbidden state and audit event | successful mutation emits expected domain event when applicable | UI exposes loading, empty, error, forbidden and success states | contract tests cover primary API endpoint and validation errors",adapter unavailable; stale projection; feature disabled; tenant suspended; cross-tenant access attempt; duplicate/idempotent request; revoked access,ADM-008|CL-011|CS-016|OPS-009,/community,"community.post_created, moderation.actioned",PB_ERR_TENANT_SCOPE_DENIED|PB_ERR_AUTH_REQUIRED|PB_ERR_COMMUNITY_MODERATION_REQUIRED|PB_ERR_POST_FORBIDDEN,unit:guard; integration:mutation+outbox; contract:api; e2e:screen flow; security:tenant isolation,PB-CURSOR-010,MVP-S2,READY_FOR_G1_G4_HANDOFF
US-016-RUNTIME,B-016,Community / Moderation,RUNTIME,Client + Coach + Moderator,Client + Coach + Moderator,use Community / Moderation in the live journey/commerce experience,the client/coach flow works end-to-end with correct access and state,tenant exists; actor authenticated; feature enabled where required; Core/DB/Payment adapter availability explicit,Open relevant surface (ADM-008|CL-011|CS-016|OPS-009) -> perform action -> backend validates tenant/access/feature guards -> persist mutation/projection -> emit event/audit -> UI updates state.,"B-016 supports tenant-scoped happy path for Community / Moderation | unauthorized actor is denied before mutation | forbidden cross-tenant access returns forbidden state and audit event | successful mutation emits expected domain event when applicable | UI exposes loading, empty, error, forbidden and success states | contract tests cover primary API endpoint and validation errors",adapter unavailable; stale projection; feature disabled; tenant suspended; cross-tenant access attempt; duplicate/idempotent request; revoked access,ADM-008|CL-011|CS-016|OPS-009,/community,"community.post_created, moderation.actioned",PB_ERR_TENANT_SCOPE_DENIED|PB_ERR_AUTH_REQUIRED|PB_ERR_COMMUNITY_MODERATION_REQUIRED|PB_ERR_POST_FORBIDDEN,unit:guard; integration:mutation+outbox; contract:api; e2e:screen flow; security:tenant isolation,PB-CURSOR-010,MVP-S2,READY_FOR_G1_G4_HANDOFF
US-016-CONTROL,B-016,Community / Moderation,CONTROL,Platform Admin / Support,Platform Admin / Support,"inspect, support and audit Community / Moderation","failures, permissions and incidents are diagnosable without unsafe data access",tenant exists; actor authenticated; feature enabled where required; Core/DB/Payment adapter availability explicit,Open relevant surface (ADM-008|CL-011|CS-016|OPS-009) -> perform action -> backend validates tenant/access/feature guards -> persist mutation/projection -> emit event/audit -> UI updates state.,"B-016 supports tenant-scoped happy path for Community / Moderation | unauthorized actor is denied before mutation | forbidden cross-tenant access returns forbidden state and audit event | successful mutation emits expected domain event when applicable | UI exposes loading, empty, error, forbidden and success states | contract tests cover primary API endpoint and validation errors",adapter unavailable; stale projection; feature disabled; tenant suspended; cross-tenant access attempt; duplicate/idempotent request; revoked access,ADM-008|CL-011|CS-016|OPS-009,/community,"community.post_created, moderation.actioned",PB_ERR_TENANT_SCOPE_DENIED|PB_ERR_AUTH_REQUIRED|PB_ERR_COMMUNITY_MODERATION_REQUIRED|PB_ERR_POST_FORBIDDEN,unit:guard; integration:mutation+outbox; contract:api; e2e:screen flow; security:tenant isolation,PB-CURSOR-010,MVP-S2,READY_FOR_G1_G4_HANDOFF
US-017-CONFIG,B-017,Offers / Plans / Bundles / Tiers,CONFIG,Coach + Prospect,Coach + Prospect,configure and operate Offers / Plans / Bundles / Tiers,the platform can deliver Offers / Plans / Bundles / Tiers in first-party and/or tenant mode without custom code,tenant exists; actor authenticated; feature enabled where required; Core/DB/Payment adapter availability explicit,Open relevant surface (ADM-009|CS-017|PUB-004|OPS-004) -> perform action -> backend validates tenant/access/feature guards -> persist mutation/projection -> emit event/audit -> UI updates state.,"B-017 supports tenant-scoped happy path for Offers / Plans / Bundles / Tiers | unauthorized actor is denied before mutation | forbidden cross-tenant access returns forbidden state and audit event | successful mutation emits expected domain event when applicable | UI exposes loading, empty, error, forbidden and success states | contract tests cover primary API endpoint and validation errors",adapter unavailable; stale projection; feature disabled; tenant suspended; cross-tenant access attempt; duplicate/idempotent request; revoked access,ADM-009|CS-017|PUB-004|OPS-004,/offers,"offer.created, entitlement.changed_requested",PB_ERR_TENANT_SCOPE_DENIED|PB_ERR_AUTH_REQUIRED|PB_ERR_PAYMENT_REQUIRED|PB_ERR_AGREEMENT_REQUIRED|PB_ERR_PROVIDER_SYNC_FAILED,unit:guard; integration:mutation+outbox; contract:api; e2e:screen flow; security:tenant isolation,PB-CURSOR-011,MVP-S1,READY_FOR_G1_G4_HANDOFF
US-017-RUNTIME,B-017,Offers / Plans / Bundles / Tiers,RUNTIME,Coach + Prospect,Coach + Prospect,use Offers / Plans / Bundles / Tiers in the live journey/commerce experience,the client/coach flow works end-to-end with correct access and state,tenant exists; actor authenticated; feature enabled where required; Core/DB/Payment adapter availability explicit,Open relevant surface (ADM-009|CS-017|PUB-004|OPS-004) -> perform action -> backend validates tenant/access/feature guards -> persist mutation/projection -> emit event/audit -> UI updates state.,"B-017 supports tenant-scoped happy path for Offers / Plans / Bundles / Tiers | unauthorized actor is denied before mutation | forbidden cross-tenant access returns forbidden state and audit event | successful mutation emits expected domain event when applicable | UI exposes loading, empty, error, forbidden and success states | contract tests cover primary API endpoint and validation errors",adapter unavailable; stale projection; feature disabled; tenant suspended; cross-tenant access attempt; duplicate/idempotent request; revoked access,ADM-009|CS-017|PUB-004|OPS-004,/offers,"offer.created, entitlement.changed_requested",PB_ERR_TENANT_SCOPE_DENIED|PB_ERR_AUTH_REQUIRED|PB_ERR_PAYMENT_REQUIRED|PB_ERR_AGREEMENT_REQUIRED|PB_ERR_PROVIDER_SYNC_FAILED,unit:guard; integration:mutation+outbox; contract:api; e2e:screen flow; security:tenant isolation,PB-CURSOR-011,MVP-S1,READY_FOR_G1_G4_HANDOFF
US-017-CONTROL,B-017,Offers / Plans / Bundles / Tiers,CONTROL,Platform Admin / Support,Platform Admin / Support,"inspect, support and audit Offers / Plans / Bundles / Tiers","failures, permissions and incidents are diagnosable without unsafe data access",tenant exists; actor authenticated; feature enabled where required; Core/DB/Payment adapter availability explicit,Open relevant surface (ADM-009|CS-017|PUB-004|OPS-004) -> perform action -> backend validates tenant/access/feature guards -> persist mutation/projection -> emit event/audit -> UI updates state.,"B-017 supports tenant-scoped happy path for Offers / Plans / Bundles / Tiers | unauthorized actor is denied before mutation | forbidden cross-tenant access returns forbidden state and audit event | successful mutation emits expected domain event when applicable | UI exposes loading, empty, error, forbidden and success states | contract tests cover primary API endpoint and validation errors",adapter unavailable; stale projection; feature disabled; tenant suspended; cross-tenant access attempt; duplicate/idempotent request; revoked access,ADM-009|CS-017|PUB-004|OPS-004,/offers,"offer.created, entitlement.changed_requested",PB_ERR_TENANT_SCOPE_DENIED|PB_ERR_AUTH_REQUIRED|PB_ERR_PAYMENT_REQUIRED|PB_ERR_AGREEMENT_REQUIRED|PB_ERR_PROVIDER_SYNC_FAILED,unit:guard; integration:mutation+outbox; contract:api; e2e:screen flow; security:tenant isolation,PB-CURSOR-011,MVP-S1,READY_FOR_G1_G4_HANDOFF
US-018-CONFIG,B-018,Coach Mobile Surface,CONFIG,Coach,Coach,configure and operate Coach Mobile Surface,the platform can deliver Coach Mobile Surface in first-party and/or tenant mode without custom code,tenant exists; actor authenticated; feature enabled where required; Core/DB/Payment adapter availability explicit,Open relevant surface (CSM-001|CSM-002|CS-014|CS-018) -> perform action -> backend validates tenant/access/feature guards -> persist mutation/projection -> emit event/audit -> UI updates state.,"B-018 supports tenant-scoped happy path for Coach Mobile Surface | unauthorized actor is denied before mutation | forbidden cross-tenant access returns forbidden state and audit event | successful mutation emits expected domain event when applicable | UI exposes loading, empty, error, forbidden and success states | contract tests cover primary API endpoint and validation errors",adapter unavailable; stale projection; feature disabled; tenant suspended; cross-tenant access attempt; duplicate/idempotent request; revoked access,CSM-001|CSM-002|CS-014|CS-018,/coach/mobile-home,coach.mobile_action_recorded,PB_ERR_TENANT_SCOPE_DENIED|PB_ERR_AUTH_REQUIRED,unit:guard; integration:mutation+outbox; contract:api; e2e:screen flow; security:tenant isolation,PB-CURSOR-013,LATER,READY_FOR_G1_G4_HANDOFF
US-018-RUNTIME,B-018,Coach Mobile Surface,RUNTIME,Coach,Coach,use Coach Mobile Surface in the live journey/commerce experience,the client/coach flow works end-to-end with correct access and state,tenant exists; actor authenticated; feature enabled where required; Core/DB/Payment adapter availability explicit,Open relevant surface (CSM-001|CSM-002|CS-014|CS-018) -> perform action -> backend validates tenant/access/feature guards -> persist mutation/projection -> emit event/audit -> UI updates state.,"B-018 supports tenant-scoped happy path for Coach Mobile Surface | unauthorized actor is denied before mutation | forbidden cross-tenant access returns forbidden state and audit event | successful mutation emits expected domain event when applicable | UI exposes loading, empty, error, forbidden and success states | contract tests cover primary API endpoint and validation errors",adapter unavailable; stale projection; feature disabled; tenant suspended; cross-tenant access attempt; duplicate/idempotent request; revoked access,CSM-001|CSM-002|CS-014|CS-018,/coach/mobile-home,coach.mobile_action_recorded,PB_ERR_TENANT_SCOPE_DENIED|PB_ERR_AUTH_REQUIRED,unit:guard; integration:mutation+outbox; contract:api; e2e:screen flow; security:tenant isolation,PB-CURSOR-013,LATER,READY_FOR_G1_G4_HANDOFF
US-018-CONTROL,B-018,Coach Mobile Surface,CONTROL,Platform Admin / Support,Platform Admin / Support,"inspect, support and audit Coach Mobile Surface","failures, permissions and incidents are diagnosable without unsafe data access",tenant exists; actor authenticated; feature enabled where required; Core/DB/Payment adapter availability explicit,Open relevant surface (CSM-001|CSM-002|CS-014|CS-018) -> perform action -> backend validates tenant/access/feature guards -> persist mutation/projection -> emit event/audit -> UI updates state.,"B-018 supports tenant-scoped happy path for Coach Mobile Surface | unauthorized actor is denied before mutation | forbidden cross-tenant access returns forbidden state and audit event | successful mutation emits expected domain event when applicable | UI exposes loading, empty, error, forbidden and success states | contract tests cover primary API endpoint and validation errors",adapter unavailable; stale projection; feature disabled; tenant suspended; cross-tenant access attempt; duplicate/idempotent request; revoked access,CSM-001|CSM-002|CS-014|CS-018,/coach/mobile-home,coach.mobile_action_recorded,PB_ERR_TENANT_SCOPE_DENIED|PB_ERR_AUTH_REQUIRED,unit:guard; integration:mutation+outbox; contract:api; e2e:screen flow; security:tenant isolation,PB-CURSOR-013,LATER,READY_FOR_G1_G4_HANDOFF
US-019-CONFIG,B-019,Lead / Prospect CRM,CONFIG,Prospect + Coach,Prospect + Coach,configure and operate Lead / Prospect CRM,the platform can deliver Lead / Prospect CRM in first-party and/or tenant mode without custom code,tenant exists; actor authenticated; feature enabled where required; Core/DB/Payment adapter availability explicit,Open relevant surface (PUB-002|CS-002|CS-003) -> perform action -> backend validates tenant/access/feature guards -> persist mutation/projection -> emit event/audit -> UI updates state.,"B-019 supports tenant-scoped happy path for Lead / Prospect CRM | unauthorized actor is denied before mutation | forbidden cross-tenant access returns forbidden state and audit event | successful mutation emits expected domain event when applicable | UI exposes loading, empty, error, forbidden and success states | contract tests cover primary API endpoint and validation errors",adapter unavailable; stale projection; feature disabled; tenant suspended; cross-tenant access attempt; duplicate/idempotent request; revoked access,PUB-002|CS-002|CS-003,/leads,lead.created,PB_ERR_TENANT_SCOPE_DENIED|PB_ERR_AUTH_REQUIRED|PB_ERR_PAYMENT_REQUIRED|PB_ERR_AGREEMENT_REQUIRED|PB_ERR_PROVIDER_SYNC_FAILED,unit:guard; integration:mutation+outbox; contract:api; e2e:screen flow; security:tenant isolation,PB-CURSOR-012,MVP-S0,READY_FOR_G1_G4_HANDOFF
US-019-RUNTIME,B-019,Lead / Prospect CRM,RUNTIME,Prospect + Coach,Prospect + Coach,use Lead / Prospect CRM in the live journey/commerce experience,the client/coach flow works end-to-end with correct access and state,tenant exists; actor authenticated; feature enabled where required; Core/DB/Payment adapter availability explicit,Open relevant surface (PUB-002|CS-002|CS-003) -> perform action -> backend validates tenant/access/feature guards -> persist mutation/projection -> emit event/audit -> UI updates state.,"B-019 supports tenant-scoped happy path for Lead / Prospect CRM | unauthorized actor is denied before mutation | forbidden cross-tenant access returns forbidden state and audit event | successful mutation emits expected domain event when applicable | UI exposes loading, empty, error, forbidden and success states | contract tests cover primary API endpoint and validation errors",adapter unavailable; stale projection; feature disabled; tenant suspended; cross-tenant access attempt; duplicate/idempotent request; revoked access,PUB-002|CS-002|CS-003,/leads,lead.created,PB_ERR_TENANT_SCOPE_DENIED|PB_ERR_AUTH_REQUIRED|PB_ERR_PAYMENT_REQUIRED|PB_ERR_AGREEMENT_REQUIRED|PB_ERR_PROVIDER_SYNC_FAILED,unit:guard; integration:mutation+outbox; contract:api; e2e:screen flow; security:tenant isolation,PB-CURSOR-012,MVP-S0,READY_FOR_G1_G4_HANDOFF
US-019-CONTROL,B-019,Lead / Prospect CRM,CONTROL,Platform Admin / Support,Platform Admin / Support,"inspect, support and audit Lead / Prospect CRM","failures, permissions and incidents are diagnosable without unsafe data access",tenant exists; actor authenticated; feature enabled where required; Core/DB/Payment adapter availability explicit,Open relevant surface (PUB-002|CS-002|CS-003) -> perform action -> backend validates tenant/access/feature guards -> persist mutation/projection -> emit event/audit -> UI updates state.,"B-019 supports tenant-scoped happy path for Lead / Prospect CRM | unauthorized actor is denied before mutation | forbidden cross-tenant access returns forbidden state and audit event | successful mutation emits expected domain event when applicable | UI exposes loading, empty, error, forbidden and success states | contract tests cover primary API endpoint and validation errors",adapter unavailable; stale projection; feature disabled; tenant suspended; cross-tenant access attempt; duplicate/idempotent request; revoked access,PUB-002|CS-002|CS-003,/leads,lead.created,PB_ERR_TENANT_SCOPE_DENIED|PB_ERR_AUTH_REQUIRED|PB_ERR_PAYMENT_REQUIRED|PB_ERR_AGREEMENT_REQUIRED|PB_ERR_PROVIDER_SYNC_FAILED,unit:guard; integration:mutation+outbox; contract:api; e2e:screen flow; security:tenant isolation,PB-CURSOR-012,MVP-S0,READY_FOR_G1_G4_HANDOFF
US-020-CONFIG,B-020,Sales Pipeline,CONFIG,Coach,Coach,configure and operate Sales Pipeline,the platform can deliver Sales Pipeline in first-party and/or tenant mode without custom code,tenant exists; actor authenticated; feature enabled where required; Core/DB/Payment adapter availability explicit,Open relevant surface (CS-003|CS-002|CS-018) -> perform action -> backend validates tenant/access/feature guards -> persist mutation/projection -> emit event/audit -> UI updates state.,"B-020 supports tenant-scoped happy path for Sales Pipeline | unauthorized actor is denied before mutation | forbidden cross-tenant access returns forbidden state and audit event | successful mutation emits expected domain event when applicable | UI exposes loading, empty, error, forbidden and success states | contract tests cover primary API endpoint and validation errors",adapter unavailable; stale projection; feature disabled; tenant suspended; cross-tenant access attempt; duplicate/idempotent request; revoked access,CS-003|CS-002|CS-018,/pipeline,pipeline.stage_changed,PB_ERR_TENANT_SCOPE_DENIED|PB_ERR_AUTH_REQUIRED|PB_ERR_PAYMENT_REQUIRED|PB_ERR_AGREEMENT_REQUIRED|PB_ERR_PROVIDER_SYNC_FAILED,unit:guard; integration:mutation+outbox; contract:api; e2e:screen flow; security:tenant isolation,PB-CURSOR-012,MVP-S0,READY_FOR_G1_G4_HANDOFF
US-020-RUNTIME,B-020,Sales Pipeline,RUNTIME,Coach,Coach,use Sales Pipeline in the live journey/commerce experience,the client/coach flow works end-to-end with correct access and state,tenant exists; actor authenticated; feature enabled where required; Core/DB/Payment adapter availability explicit,Open relevant surface (CS-003|CS-002|CS-018) -> perform action -> backend validates tenant/access/feature guards -> persist mutation/projection -> emit event/audit -> UI updates state.,"B-020 supports tenant-scoped happy path for Sales Pipeline | unauthorized actor is denied before mutation | forbidden cross-tenant access returns forbidden state and audit event | successful mutation emits expected domain event when applicable | UI exposes loading, empty, error, forbidden and success states | contract tests cover primary API endpoint and validation errors",adapter unavailable; stale projection; feature disabled; tenant suspended; cross-tenant access attempt; duplicate/idempotent request; revoked access,CS-003|CS-002|CS-018,/pipeline,pipeline.stage_changed,PB_ERR_TENANT_SCOPE_DENIED|PB_ERR_AUTH_REQUIRED|PB_ERR_PAYMENT_REQUIRED|PB_ERR_AGREEMENT_REQUIRED|PB_ERR_PROVIDER_SYNC_FAILED,unit:guard; integration:mutation+outbox; contract:api; e2e:screen flow; security:tenant isolation,PB-CURSOR-012,MVP-S0,READY_FOR_G1_G4_HANDOFF
US-020-CONTROL,B-020,Sales Pipeline,CONTROL,Platform Admin / Support,Platform Admin / Support,"inspect, support and audit Sales Pipeline","failures, permissions and incidents are diagnosable without unsafe data access",tenant exists; actor authenticated; feature enabled where required; Core/DB/Payment adapter availability explicit,Open relevant surface (CS-003|CS-002|CS-018) -> perform action -> backend validates tenant/access/feature guards -> persist mutation/projection -> emit event/audit -> UI updates state.,"B-020 supports tenant-scoped happy path for Sales Pipeline | unauthorized actor is denied before mutation | forbidden cross-tenant access returns forbidden state and audit event | successful mutation emits expected domain event when applicable | UI exposes loading, empty, error, forbidden and success states | contract tests cover primary API endpoint and validation errors",adapter unavailable; stale projection; feature disabled; tenant suspended; cross-tenant access attempt; duplicate/idempotent request; revoked access,CS-003|CS-002|CS-018,/pipeline,pipeline.stage_changed,PB_ERR_TENANT_SCOPE_DENIED|PB_ERR_AUTH_REQUIRED|PB_ERR_PAYMENT_REQUIRED|PB_ERR_AGREEMENT_REQUIRED|PB_ERR_PROVIDER_SYNC_FAILED,unit:guard; integration:mutation+outbox; contract:api; e2e:screen flow; security:tenant isolation,PB-CURSOR-012,MVP-S0,READY_FOR_G1_G4_HANDOFF
US-021-CONFIG,B-021,Discovery Call Booking,CONFIG,Prospect + Coach,Prospect + Coach,configure and operate Discovery Call Booking,the platform can deliver Discovery Call Booking in first-party and/or tenant mode without custom code,tenant exists; actor authenticated; feature enabled where required; Core/DB/Payment adapter availability explicit,Open relevant surface (PUB-003|CS-004|CL-013) -> perform action -> backend validates tenant/access/feature guards -> persist mutation/projection -> emit event/audit -> UI updates state.,"B-021 supports tenant-scoped happy path for Discovery Call Booking | unauthorized actor is denied before mutation | forbidden cross-tenant access returns forbidden state and audit event | successful mutation emits expected domain event when applicable | UI exposes loading, empty, error, forbidden and success states | contract tests cover primary API endpoint and validation errors",adapter unavailable; stale projection; feature disabled; tenant suspended; cross-tenant access attempt; duplicate/idempotent request; revoked access,PUB-003|CS-004|CL-013,/booking-requests,discovery_call.booked,PB_ERR_TENANT_SCOPE_DENIED|PB_ERR_AUTH_REQUIRED|PB_ERR_PAYMENT_REQUIRED|PB_ERR_AGREEMENT_REQUIRED|PB_ERR_PROVIDER_SYNC_FAILED,unit:guard; integration:mutation+outbox; contract:api; e2e:screen flow; security:tenant isolation,PB-CURSOR-012,MVP-S0,READY_FOR_G1_G4_HANDOFF
US-021-RUNTIME,B-021,Discovery Call Booking,RUNTIME,Prospect + Coach,Prospect + Coach,use Discovery Call Booking in the live journey/commerce experience,the client/coach flow works end-to-end with correct access and state,tenant exists; actor authenticated; feature enabled where required; Core/DB/Payment adapter availability explicit,Open relevant surface (PUB-003|CS-004|CL-013) -> perform action -> backend validates tenant/access/feature guards -> persist mutation/projection -> emit event/audit -> UI updates state.,"B-021 supports tenant-scoped happy path for Discovery Call Booking | unauthorized actor is denied before mutation | forbidden cross-tenant access returns forbidden state and audit event | successful mutation emits expected domain event when applicable | UI exposes loading, empty, error, forbidden and success states | contract tests cover primary API endpoint and validation errors",adapter unavailable; stale projection; feature disabled; tenant suspended; cross-tenant access attempt; duplicate/idempotent request; revoked access,PUB-003|CS-004|CL-013,/booking-requests,discovery_call.booked,PB_ERR_TENANT_SCOPE_DENIED|PB_ERR_AUTH_REQUIRED|PB_ERR_PAYMENT_REQUIRED|PB_ERR_AGREEMENT_REQUIRED|PB_ERR_PROVIDER_SYNC_FAILED,unit:guard; integration:mutation+outbox; contract:api; e2e:screen flow; security:tenant isolation,PB-CURSOR-012,MVP-S0,READY_FOR_G1_G4_HANDOFF
US-021-CONTROL,B-021,Discovery Call Booking,CONTROL,Platform Admin / Support,Platform Admin / Support,"inspect, support and audit Discovery Call Booking","failures, permissions and incidents are diagnosable without unsafe data access",tenant exists; actor authenticated; feature enabled where required; Core/DB/Payment adapter availability explicit,Open relevant surface (PUB-003|CS-004|CL-013) -> perform action -> backend validates tenant/access/feature guards -> persist mutation/projection -> emit event/audit -> UI updates state.,"B-021 supports tenant-scoped happy path for Discovery Call Booking | unauthorized actor is denied before mutation | forbidden cross-tenant access returns forbidden state and audit event | successful mutation emits expected domain event when applicable | UI exposes loading, empty, error, forbidden and success states | contract tests cover primary API endpoint and validation errors",adapter unavailable; stale projection; feature disabled; tenant suspended; cross-tenant access attempt; duplicate/idempotent request; revoked access,PUB-003|CS-004|CL-013,/booking-requests,discovery_call.booked,PB_ERR_TENANT_SCOPE_DENIED|PB_ERR_AUTH_REQUIRED|PB_ERR_PAYMENT_REQUIRED|PB_ERR_AGREEMENT_REQUIRED|PB_ERR_PROVIDER_SYNC_FAILED,unit:guard; integration:mutation+outbox; contract:api; e2e:screen flow; security:tenant isolation,PB-CURSOR-012,MVP-S0,READY_FOR_G1_G4_HANDOFF
US-022-CONFIG,B-022,Checkout / Payment,CONFIG,Prospect + Payment Provider,Prospect + Payment Provider,configure and operate Checkout / Payment,the platform can deliver Checkout / Payment in first-party and/or tenant mode without custom code,tenant exists; actor authenticated; feature enabled where required; Core/DB/Payment adapter availability explicit,Open relevant surface (PUB-004|OPS-010|OPS-004) -> perform action -> backend validates tenant/access/feature guards -> persist mutation/projection -> emit event/audit -> UI updates state.,"B-022 supports tenant-scoped happy path for Checkout / Payment | unauthorized actor is denied before mutation | forbidden cross-tenant access returns forbidden state and audit event | successful mutation emits expected domain event when applicable | UI exposes loading, empty, error, forbidden and success states | contract tests cover primary API endpoint and validation errors",adapter unavailable; stale projection; feature disabled; tenant suspended; cross-tenant access attempt; duplicate/idempotent request; revoked access,PUB-004|OPS-010|OPS-004,/checkout-sessions,"checkout.started, payment.confirmed",PB_ERR_TENANT_SCOPE_DENIED|PB_ERR_AUTH_REQUIRED|PB_ERR_PAYMENT_REQUIRED|PB_ERR_AGREEMENT_REQUIRED|PB_ERR_PROVIDER_SYNC_FAILED,unit:guard; integration:mutation+outbox; contract:api; e2e:screen flow; security:tenant isolation,PB-CURSOR-012,MVP-S0,READY_FOR_G1_G4_HANDOFF
US-022-RUNTIME,B-022,Checkout / Payment,RUNTIME,Prospect + Payment Provider,Prospect + Payment Provider,use Checkout / Payment in the live journey/commerce experience,the client/coach flow works end-to-end with correct access and state,tenant exists; actor authenticated; feature enabled where required; Core/DB/Payment adapter availability explicit,Open relevant surface (PUB-004|OPS-010|OPS-004) -> perform action -> backend validates tenant/access/feature guards -> persist mutation/projection -> emit event/audit -> UI updates state.,"B-022 supports tenant-scoped happy path for Checkout / Payment | unauthorized actor is denied before mutation | forbidden cross-tenant access returns forbidden state and audit event | successful mutation emits expected domain event when applicable | UI exposes loading, empty, error, forbidden and success states | contract tests cover primary API endpoint and validation errors",adapter unavailable; stale projection; feature disabled; tenant suspended; cross-tenant access attempt; duplicate/idempotent request; revoked access,PUB-004|OPS-010|OPS-004,/checkout-sessions,"checkout.started, payment.confirmed",PB_ERR_TENANT_SCOPE_DENIED|PB_ERR_AUTH_REQUIRED|PB_ERR_PAYMENT_REQUIRED|PB_ERR_AGREEMENT_REQUIRED|PB_ERR_PROVIDER_SYNC_FAILED,unit:guard; integration:mutation+outbox; contract:api; e2e:screen flow; security:tenant isolation,PB-CURSOR-012,MVP-S0,READY_FOR_G1_G4_HANDOFF
US-022-CONTROL,B-022,Checkout / Payment,CONTROL,Platform Admin / Support,Platform Admin / Support,"inspect, support and audit Checkout / Payment","failures, permissions and incidents are diagnosable without unsafe data access",tenant exists; actor authenticated; feature enabled where required; Core/DB/Payment adapter availability explicit,Open relevant surface (PUB-004|OPS-010|OPS-004) -> perform action -> backend validates tenant/access/feature guards -> persist mutation/projection -> emit event/audit -> UI updates state.,"B-022 supports tenant-scoped happy path for Checkout / Payment | unauthorized actor is denied before mutation | forbidden cross-tenant access returns forbidden state and audit event | successful mutation emits expected domain event when applicable | UI exposes loading, empty, error, forbidden and success states | contract tests cover primary API endpoint and validation errors",adapter unavailable; stale projection; feature disabled; tenant suspended; cross-tenant access attempt; duplicate/idempotent request; revoked access,PUB-004|OPS-010|OPS-004,/checkout-sessions,"checkout.started, payment.confirmed",PB_ERR_TENANT_SCOPE_DENIED|PB_ERR_AUTH_REQUIRED|PB_ERR_PAYMENT_REQUIRED|PB_ERR_AGREEMENT_REQUIRED|PB_ERR_PROVIDER_SYNC_FAILED,unit:guard; integration:mutation+outbox; contract:api; e2e:screen flow; security:tenant isolation,PB-CURSOR-012,MVP-S0,READY_FOR_G1_G4_HANDOFF
US-023-CONFIG,B-023,Agreement / Contract Status,CONFIG,Prospect + Coach,Prospect + Coach,configure and operate Agreement / Contract Status,the platform can deliver Agreement / Contract Status in first-party and/or tenant mode without custom code,tenant exists; actor authenticated; feature enabled where required; Core/DB/Payment adapter availability explicit,Open relevant surface (PUB-005|OPS-011|CS-006) -> perform action -> backend validates tenant/access/feature guards -> persist mutation/projection -> emit event/audit -> UI updates state.,"B-023 supports tenant-scoped happy path for Agreement / Contract Status | unauthorized actor is denied before mutation | forbidden cross-tenant access returns forbidden state and audit event | successful mutation emits expected domain event when applicable | UI exposes loading, empty, error, forbidden and success states | contract tests cover primary API endpoint and validation errors",adapter unavailable; stale projection; feature disabled; tenant suspended; cross-tenant access attempt; duplicate/idempotent request; revoked access,PUB-005|OPS-011|CS-006,/agreements,agreement.signed,PB_ERR_TENANT_SCOPE_DENIED|PB_ERR_AUTH_REQUIRED|PB_ERR_PAYMENT_REQUIRED|PB_ERR_AGREEMENT_REQUIRED|PB_ERR_PROVIDER_SYNC_FAILED,unit:guard; integration:mutation+outbox; contract:api; e2e:screen flow; security:tenant isolation,PB-CURSOR-012,MVP-S0,READY_FOR_G1_G4_HANDOFF
US-023-RUNTIME,B-023,Agreement / Contract Status,RUNTIME,Prospect + Coach,Prospect + Coach,use Agreement / Contract Status in the live journey/commerce experience,the client/coach flow works end-to-end with correct access and state,tenant exists; actor authenticated; feature enabled where required; Core/DB/Payment adapter availability explicit,Open relevant surface (PUB-005|OPS-011|CS-006) -> perform action -> backend validates tenant/access/feature guards -> persist mutation/projection -> emit event/audit -> UI updates state.,"B-023 supports tenant-scoped happy path for Agreement / Contract Status | unauthorized actor is denied before mutation | forbidden cross-tenant access returns forbidden state and audit event | successful mutation emits expected domain event when applicable | UI exposes loading, empty, error, forbidden and success states | contract tests cover primary API endpoint and validation errors",adapter unavailable; stale projection; feature disabled; tenant suspended; cross-tenant access attempt; duplicate/idempotent request; revoked access,PUB-005|OPS-011|CS-006,/agreements,agreement.signed,PB_ERR_TENANT_SCOPE_DENIED|PB_ERR_AUTH_REQUIRED|PB_ERR_PAYMENT_REQUIRED|PB_ERR_AGREEMENT_REQUIRED|PB_ERR_PROVIDER_SYNC_FAILED,unit:guard; integration:mutation+outbox; contract:api; e2e:screen flow; security:tenant isolation,PB-CURSOR-012,MVP-S0,READY_FOR_G1_G4_HANDOFF
US-023-CONTROL,B-023,Agreement / Contract Status,CONTROL,Platform Admin / Support,Platform Admin / Support,"inspect, support and audit Agreement / Contract Status","failures, permissions and incidents are diagnosable without unsafe data access",tenant exists; actor authenticated; feature enabled where required; Core/DB/Payment adapter availability explicit,Open relevant surface (PUB-005|OPS-011|CS-006) -> perform action -> backend validates tenant/access/feature guards -> persist mutation/projection -> emit event/audit -> UI updates state.,"B-023 supports tenant-scoped happy path for Agreement / Contract Status | unauthorized actor is denied before mutation | forbidden cross-tenant access returns forbidden state and audit event | successful mutation emits expected domain event when applicable | UI exposes loading, empty, error, forbidden and success states | contract tests cover primary API endpoint and validation errors",adapter unavailable; stale projection; feature disabled; tenant suspended; cross-tenant access attempt; duplicate/idempotent request; revoked access,PUB-005|OPS-011|CS-006,/agreements,agreement.signed,PB_ERR_TENANT_SCOPE_DENIED|PB_ERR_AUTH_REQUIRED|PB_ERR_PAYMENT_REQUIRED|PB_ERR_AGREEMENT_REQUIRED|PB_ERR_PROVIDER_SYNC_FAILED,unit:guard; integration:mutation+outbox; contract:api; e2e:screen flow; security:tenant isolation,PB-CURSOR-012,MVP-S0,READY_FOR_G1_G4_HANDOFF
US-024-CONFIG,B-024,Client Lifecycle Timeline,CONFIG,Coach,Coach,configure and operate Client Lifecycle Timeline,the platform can deliver Client Lifecycle Timeline in first-party and/or tenant mode without custom code,tenant exists; actor authenticated; feature enabled where required; Core/DB/Payment adapter availability explicit,Open relevant surface (CS-006|CS-013|CS-018|OPS-003) -> perform action -> backend validates tenant/access/feature guards -> persist mutation/projection -> emit event/audit -> UI updates state.,"B-024 supports tenant-scoped happy path for Client Lifecycle Timeline | unauthorized actor is denied before mutation | forbidden cross-tenant access returns forbidden state and audit event | successful mutation emits expected domain event when applicable | UI exposes loading, empty, error, forbidden and success states | contract tests cover primary API endpoint and validation errors",adapter unavailable; stale projection; feature disabled; tenant suspended; cross-tenant access attempt; duplicate/idempotent request; revoked access,CS-006|CS-013|CS-018|OPS-003,/client-lifecycle,client.lifecycle_event_recorded,PB_ERR_TENANT_SCOPE_DENIED|PB_ERR_AUTH_REQUIRED,unit:guard; integration:mutation+outbox; contract:api; e2e:screen flow; security:tenant isolation,PB-CURSOR-007,MVP-S1,READY_FOR_G1_G4_HANDOFF
US-024-RUNTIME,B-024,Client Lifecycle Timeline,RUNTIME,Coach,Coach,use Client Lifecycle Timeline in the live journey/commerce experience,the client/coach flow works end-to-end with correct access and state,tenant exists; actor authenticated; feature enabled where required; Core/DB/Payment adapter availability explicit,Open relevant surface (CS-006|CS-013|CS-018|OPS-003) -> perform action -> backend validates tenant/access/feature guards -> persist mutation/projection -> emit event/audit -> UI updates state.,"B-024 supports tenant-scoped happy path for Client Lifecycle Timeline | unauthorized actor is denied before mutation | forbidden cross-tenant access returns forbidden state and audit event | successful mutation emits expected domain event when applicable | UI exposes loading, empty, error, forbidden and success states | contract tests cover primary API endpoint and validation errors",adapter unavailable; stale projection; feature disabled; tenant suspended; cross-tenant access attempt; duplicate/idempotent request; revoked access,CS-006|CS-013|CS-018|OPS-003,/client-lifecycle,client.lifecycle_event_recorded,PB_ERR_TENANT_SCOPE_DENIED|PB_ERR_AUTH_REQUIRED,unit:guard; integration:mutation+outbox; contract:api; e2e:screen flow; security:tenant isolation,PB-CURSOR-007,MVP-S1,READY_FOR_G1_G4_HANDOFF
US-024-CONTROL,B-024,Client Lifecycle Timeline,CONTROL,Platform Admin / Support,Platform Admin / Support,"inspect, support and audit Client Lifecycle Timeline","failures, permissions and incidents are diagnosable without unsafe data access",tenant exists; actor authenticated; feature enabled where required; Core/DB/Payment adapter availability explicit,Open relevant surface (CS-006|CS-013|CS-018|OPS-003) -> perform action -> backend validates tenant/access/feature guards -> persist mutation/projection -> emit event/audit -> UI updates state.,"B-024 supports tenant-scoped happy path for Client Lifecycle Timeline | unauthorized actor is denied before mutation | forbidden cross-tenant access returns forbidden state and audit event | successful mutation emits expected domain event when applicable | UI exposes loading, empty, error, forbidden and success states | contract tests cover primary API endpoint and validation errors",adapter unavailable; stale projection; feature disabled; tenant suspended; cross-tenant access attempt; duplicate/idempotent request; revoked access,CS-006|CS-013|CS-018|OPS-003,/client-lifecycle,client.lifecycle_event_recorded,PB_ERR_TENANT_SCOPE_DENIED|PB_ERR_AUTH_REQUIRED,unit:guard; integration:mutation+outbox; contract:api; e2e:screen flow; security:tenant isolation,PB-CURSOR-007,MVP-S1,READY_FOR_G1_G4_HANDOFF
US-025-CONFIG,B-025,Renewal / Upsell Trigger,CONFIG,Coach,Coach,configure and operate Renewal / Upsell Trigger,the platform can deliver Renewal / Upsell Trigger in first-party and/or tenant mode without custom code,tenant exists; actor authenticated; feature enabled where required; Core/DB/Payment adapter availability explicit,Open relevant surface (CS-006|CS-017|CL-014|CS-018) -> perform action -> backend validates tenant/access/feature guards -> persist mutation/projection -> emit event/audit -> UI updates state.,"B-025 supports tenant-scoped happy path for Renewal / Upsell Trigger | unauthorized actor is denied before mutation | forbidden cross-tenant access returns forbidden state and audit event | successful mutation emits expected domain event when applicable | UI exposes loading, empty, error, forbidden and success states | contract tests cover primary API endpoint and validation errors",adapter unavailable; stale projection; feature disabled; tenant suspended; cross-tenant access attempt; duplicate/idempotent request; revoked access,CS-006|CS-017|CL-014|CS-018,/renewals,renewal.triggered,PB_ERR_TENANT_SCOPE_DENIED|PB_ERR_AUTH_REQUIRED|PB_ERR_PAYMENT_REQUIRED|PB_ERR_AGREEMENT_REQUIRED|PB_ERR_PROVIDER_SYNC_FAILED,unit:guard; integration:mutation+outbox; contract:api; e2e:screen flow; security:tenant isolation,PB-CURSOR-011,MVP-S2,READY_FOR_G1_G4_HANDOFF
US-025-RUNTIME,B-025,Renewal / Upsell Trigger,RUNTIME,Coach,Coach,use Renewal / Upsell Trigger in the live journey/commerce experience,the client/coach flow works end-to-end with correct access and state,tenant exists; actor authenticated; feature enabled where required; Core/DB/Payment adapter availability explicit,Open relevant surface (CS-006|CS-017|CL-014|CS-018) -> perform action -> backend validates tenant/access/feature guards -> persist mutation/projection -> emit event/audit -> UI updates state.,"B-025 supports tenant-scoped happy path for Renewal / Upsell Trigger | unauthorized actor is denied before mutation | forbidden cross-tenant access returns forbidden state and audit event | successful mutation emits expected domain event when applicable | UI exposes loading, empty, error, forbidden and success states | contract tests cover primary API endpoint and validation errors",adapter unavailable; stale projection; feature disabled; tenant suspended; cross-tenant access attempt; duplicate/idempotent request; revoked access,CS-006|CS-017|CL-014|CS-018,/renewals,renewal.triggered,PB_ERR_TENANT_SCOPE_DENIED|PB_ERR_AUTH_REQUIRED|PB_ERR_PAYMENT_REQUIRED|PB_ERR_AGREEMENT_REQUIRED|PB_ERR_PROVIDER_SYNC_FAILED,unit:guard; integration:mutation+outbox; contract:api; e2e:screen flow; security:tenant isolation,PB-CURSOR-011,MVP-S2,READY_FOR_G1_G4_HANDOFF
US-025-CONTROL,B-025,Renewal / Upsell Trigger,CONTROL,Platform Admin / Support,Platform Admin / Support,"inspect, support and audit Renewal / Upsell Trigger","failures, permissions and incidents are diagnosable without unsafe data access",tenant exists; actor authenticated; feature enabled where required; Core/DB/Payment adapter availability explicit,Open relevant surface (CS-006|CS-017|CL-014|CS-018) -> perform action -> backend validates tenant/access/feature guards -> persist mutation/projection -> emit event/audit -> UI updates state.,"B-025 supports tenant-scoped happy path for Renewal / Upsell Trigger | unauthorized actor is denied before mutation | forbidden cross-tenant access returns forbidden state and audit event | successful mutation emits expected domain event when applicable | UI exposes loading, empty, error, forbidden and success states | contract tests cover primary API endpoint and validation errors",adapter unavailable; stale projection; feature disabled; tenant suspended; cross-tenant access attempt; duplicate/idempotent request; revoked access,CS-006|CS-017|CL-014|CS-018,/renewals,renewal.triggered,PB_ERR_TENANT_SCOPE_DENIED|PB_ERR_AUTH_REQUIRED|PB_ERR_PAYMENT_REQUIRED|PB_ERR_AGREEMENT_REQUIRED|PB_ERR_PROVIDER_SYNC_FAILED,unit:guard; integration:mutation+outbox; contract:api; e2e:screen flow; security:tenant isolation,PB-CURSOR-011,MVP-S2,READY_FOR_G1_G4_HANDOFF
US-026-CONFIG,B-026,Calendar Integration,CONFIG,Client + Coach,Client + Coach,configure and operate Calendar Integration,the platform can deliver Calendar Integration in first-party and/or tenant mode without custom code,tenant exists; actor authenticated; feature enabled where required; Core/DB/Payment adapter availability explicit,Open relevant surface (ADM-010|CS-004|CL-013|OPS-009) -> perform action -> backend validates tenant/access/feature guards -> persist mutation/projection -> emit event/audit -> UI updates state.,"B-026 supports tenant-scoped happy path for Calendar Integration | unauthorized actor is denied before mutation | forbidden cross-tenant access returns forbidden state and audit event | successful mutation emits expected domain event when applicable | UI exposes loading, empty, error, forbidden and success states | contract tests cover primary API endpoint and validation errors",adapter unavailable; stale projection; feature disabled; tenant suspended; cross-tenant access attempt; duplicate/idempotent request; revoked access,ADM-010|CS-004|CL-013|OPS-009,/calendar-integrations,calendar.export_requested,PB_ERR_TENANT_SCOPE_DENIED|PB_ERR_AUTH_REQUIRED,unit:guard; integration:mutation+outbox; contract:api; e2e:screen flow; security:tenant isolation,PB-CURSOR-012,MVP-S2,READY_FOR_G1_G4_HANDOFF
US-026-RUNTIME,B-026,Calendar Integration,RUNTIME,Client + Coach,Client + Coach,use Calendar Integration in the live journey/commerce experience,the client/coach flow works end-to-end with correct access and state,tenant exists; actor authenticated; feature enabled where required; Core/DB/Payment adapter availability explicit,Open relevant surface (ADM-010|CS-004|CL-013|OPS-009) -> perform action -> backend validates tenant/access/feature guards -> persist mutation/projection -> emit event/audit -> UI updates state.,"B-026 supports tenant-scoped happy path for Calendar Integration | unauthorized actor is denied before mutation | forbidden cross-tenant access returns forbidden state and audit event | successful mutation emits expected domain event when applicable | UI exposes loading, empty, error, forbidden and success states | contract tests cover primary API endpoint and validation errors",adapter unavailable; stale projection; feature disabled; tenant suspended; cross-tenant access attempt; duplicate/idempotent request; revoked access,ADM-010|CS-004|CL-013|OPS-009,/calendar-integrations,calendar.export_requested,PB_ERR_TENANT_SCOPE_DENIED|PB_ERR_AUTH_REQUIRED,unit:guard; integration:mutation+outbox; contract:api; e2e:screen flow; security:tenant isolation,PB-CURSOR-012,MVP-S2,READY_FOR_G1_G4_HANDOFF
US-026-CONTROL,B-026,Calendar Integration,CONTROL,Platform Admin / Support,Platform Admin / Support,"inspect, support and audit Calendar Integration","failures, permissions and incidents are diagnosable without unsafe data access",tenant exists; actor authenticated; feature enabled where required; Core/DB/Payment adapter availability explicit,Open relevant surface (ADM-010|CS-004|CL-013|OPS-009) -> perform action -> backend validates tenant/access/feature guards -> persist mutation/projection -> emit event/audit -> UI updates state.,"B-026 supports tenant-scoped happy path for Calendar Integration | unauthorized actor is denied before mutation | forbidden cross-tenant access returns forbidden state and audit event | successful mutation emits expected domain event when applicable | UI exposes loading, empty, error, forbidden and success states | contract tests cover primary API endpoint and validation errors",adapter unavailable; stale projection; feature disabled; tenant suspended; cross-tenant access attempt; duplicate/idempotent request; revoked access,ADM-010|CS-004|CL-013|OPS-009,/calendar-integrations,calendar.export_requested,PB_ERR_TENANT_SCOPE_DENIED|PB_ERR_AUTH_REQUIRED,unit:guard; integration:mutation+outbox; contract:api; e2e:screen flow; security:tenant isolation,PB-CURSOR-012,MVP-S2,READY_FOR_G1_G4_HANDOFF
US-027-CONFIG,B-027,Business Metrics Dashboard,CONFIG,Coach + Tenant Admin,Coach + Tenant Admin,configure and operate Business Metrics Dashboard,the platform can deliver Business Metrics Dashboard in first-party and/or tenant mode without custom code,tenant exists; actor authenticated; feature enabled where required; Core/DB/Payment adapter availability explicit,Open relevant surface (CS-018|CS-019|OPS-008) -> perform action -> backend validates tenant/access/feature guards -> persist mutation/projection -> emit event/audit -> UI updates state.,"B-027 supports tenant-scoped happy path for Business Metrics Dashboard | unauthorized actor is denied before mutation | forbidden cross-tenant access returns forbidden state and audit event | successful mutation emits expected domain event when applicable | UI exposes loading, empty, error, forbidden and success states | contract tests cover primary API endpoint and validation errors",adapter unavailable; stale projection; feature disabled; tenant suspended; cross-tenant access attempt; duplicate/idempotent request; revoked access,CS-018|CS-019|OPS-008,/analytics/business,analytics.metrics_rebuilt,PB_ERR_TENANT_SCOPE_DENIED|PB_ERR_AUTH_REQUIRED|PB_ERR_ANALYTICS_STALE|PB_ERR_METRIC_SCOPE_DENIED,unit:guard; integration:mutation+outbox; contract:api; e2e:screen flow; security:tenant isolation,PB-CURSOR-013,MVP-S2,READY_FOR_G1_G4_HANDOFF
US-027-RUNTIME,B-027,Business Metrics Dashboard,RUNTIME,Coach + Tenant Admin,Coach + Tenant Admin,use Business Metrics Dashboard in the live journey/commerce experience,the client/coach flow works end-to-end with correct access and state,tenant exists; actor authenticated; feature enabled where required; Core/DB/Payment adapter availability explicit,Open relevant surface (CS-018|CS-019|OPS-008) -> perform action -> backend validates tenant/access/feature guards -> persist mutation/projection -> emit event/audit -> UI updates state.,"B-027 supports tenant-scoped happy path for Business Metrics Dashboard | unauthorized actor is denied before mutation | forbidden cross-tenant access returns forbidden state and audit event | successful mutation emits expected domain event when applicable | UI exposes loading, empty, error, forbidden and success states | contract tests cover primary API endpoint and validation errors",adapter unavailable; stale projection; feature disabled; tenant suspended; cross-tenant access attempt; duplicate/idempotent request; revoked access,CS-018|CS-019|OPS-008,/analytics/business,analytics.metrics_rebuilt,PB_ERR_TENANT_SCOPE_DENIED|PB_ERR_AUTH_REQUIRED|PB_ERR_ANALYTICS_STALE|PB_ERR_METRIC_SCOPE_DENIED,unit:guard; integration:mutation+outbox; contract:api; e2e:screen flow; security:tenant isolation,PB-CURSOR-013,MVP-S2,READY_FOR_G1_G4_HANDOFF
US-027-CONTROL,B-027,Business Metrics Dashboard,CONTROL,Platform Admin / Support,Platform Admin / Support,"inspect, support and audit Business Metrics Dashboard","failures, permissions and incidents are diagnosable without unsafe data access",tenant exists; actor authenticated; feature enabled where required; Core/DB/Payment adapter availability explicit,Open relevant surface (CS-018|CS-019|OPS-008) -> perform action -> backend validates tenant/access/feature guards -> persist mutation/projection -> emit event/audit -> UI updates state.,"B-027 supports tenant-scoped happy path for Business Metrics Dashboard | unauthorized actor is denied before mutation | forbidden cross-tenant access returns forbidden state and audit event | successful mutation emits expected domain event when applicable | UI exposes loading, empty, error, forbidden and success states | contract tests cover primary API endpoint and validation errors",adapter unavailable; stale projection; feature disabled; tenant suspended; cross-tenant access attempt; duplicate/idempotent request; revoked access,CS-018|CS-019|OPS-008,/analytics/business,analytics.metrics_rebuilt,PB_ERR_TENANT_SCOPE_DENIED|PB_ERR_AUTH_REQUIRED|PB_ERR_ANALYTICS_STALE|PB_ERR_METRIC_SCOPE_DENIED,unit:guard; integration:mutation+outbox; contract:api; e2e:screen flow; security:tenant isolation,PB-CURSOR-013,MVP-S2,READY_FOR_G1_G4_HANDOFF
US-028-CONFIG,B-028,Drop-off / Client Risk Signal,CONFIG,Coach,Coach,configure and operate Drop-off / Client Risk Signal,the platform can deliver Drop-off / Client Risk Signal in first-party and/or tenant mode without custom code,tenant exists; actor authenticated; feature enabled where required; Core/DB/Payment adapter availability explicit,Open relevant surface (CS-018|CS-006|OPS-009) -> perform action -> backend validates tenant/access/feature guards -> persist mutation/projection -> emit event/audit -> UI updates state.,"B-028 supports tenant-scoped happy path for Drop-off / Client Risk Signal | unauthorized actor is denied before mutation | forbidden cross-tenant access returns forbidden state and audit event | successful mutation emits expected domain event when applicable | UI exposes loading, empty, error, forbidden and success states | contract tests cover primary API endpoint and validation errors",adapter unavailable; stale projection; feature disabled; tenant suspended; cross-tenant access attempt; duplicate/idempotent request; revoked access,CS-018|CS-006|OPS-009,/analytics/risk-signals,client.risk_signal_detected,PB_ERR_TENANT_SCOPE_DENIED|PB_ERR_AUTH_REQUIRED|PB_ERR_ANALYTICS_STALE|PB_ERR_METRIC_SCOPE_DENIED,unit:guard; integration:mutation+outbox; contract:api; e2e:screen flow; security:tenant isolation,PB-CURSOR-007,MVP-S2,READY_FOR_G1_G4_HANDOFF
US-028-RUNTIME,B-028,Drop-off / Client Risk Signal,RUNTIME,Coach,Coach,use Drop-off / Client Risk Signal in the live journey/commerce experience,the client/coach flow works end-to-end with correct access and state,tenant exists; actor authenticated; feature enabled where required; Core/DB/Payment adapter availability explicit,Open relevant surface (CS-018|CS-006|OPS-009) -> perform action -> backend validates tenant/access/feature guards -> persist mutation/projection -> emit event/audit -> UI updates state.,"B-028 supports tenant-scoped happy path for Drop-off / Client Risk Signal | unauthorized actor is denied before mutation | forbidden cross-tenant access returns forbidden state and audit event | successful mutation emits expected domain event when applicable | UI exposes loading, empty, error, forbidden and success states | contract tests cover primary API endpoint and validation errors",adapter unavailable; stale projection; feature disabled; tenant suspended; cross-tenant access attempt; duplicate/idempotent request; revoked access,CS-018|CS-006|OPS-009,/analytics/risk-signals,client.risk_signal_detected,PB_ERR_TENANT_SCOPE_DENIED|PB_ERR_AUTH_REQUIRED|PB_ERR_ANALYTICS_STALE|PB_ERR_METRIC_SCOPE_DENIED,unit:guard; integration:mutation+outbox; contract:api; e2e:screen flow; security:tenant isolation,PB-CURSOR-007,MVP-S2,READY_FOR_G1_G4_HANDOFF
US-028-CONTROL,B-028,Drop-off / Client Risk Signal,CONTROL,Platform Admin / Support,Platform Admin / Support,"inspect, support and audit Drop-off / Client Risk Signal","failures, permissions and incidents are diagnosable without unsafe data access",tenant exists; actor authenticated; feature enabled where required; Core/DB/Payment adapter availability explicit,Open relevant surface (CS-018|CS-006|OPS-009) -> perform action -> backend validates tenant/access/feature guards -> persist mutation/projection -> emit event/audit -> UI updates state.,"B-028 supports tenant-scoped happy path for Drop-off / Client Risk Signal | unauthorized actor is denied before mutation | forbidden cross-tenant access returns forbidden state and audit event | successful mutation emits expected domain event when applicable | UI exposes loading, empty, error, forbidden and success states | contract tests cover primary API endpoint and validation errors",adapter unavailable; stale projection; feature disabled; tenant suspended; cross-tenant access attempt; duplicate/idempotent request; revoked access,CS-018|CS-006|OPS-009,/analytics/risk-signals,client.risk_signal_detected,PB_ERR_TENANT_SCOPE_DENIED|PB_ERR_AUTH_REQUIRED|PB_ERR_ANALYTICS_STALE|PB_ERR_METRIC_SCOPE_DENIED,unit:guard; integration:mutation+outbox; contract:api; e2e:screen flow; security:tenant isolation,PB-CURSOR-007,MVP-S2,READY_FOR_G1_G4_HANDOFF
US-029-CONFIG,B-029,Revenue Reporting,CONFIG,Coach + Tenant Admin,Coach + Tenant Admin,configure and operate Revenue Reporting,the platform can deliver Revenue Reporting in first-party and/or tenant mode without custom code,tenant exists; actor authenticated; feature enabled where required; Core/DB/Payment adapter availability explicit,Open relevant surface (CS-019|CS-018|OPS-010) -> perform action -> backend validates tenant/access/feature guards -> persist mutation/projection -> emit event/audit -> UI updates state.,"B-029 supports tenant-scoped happy path for Revenue Reporting | unauthorized actor is denied before mutation | forbidden cross-tenant access returns forbidden state and audit event | successful mutation emits expected domain event when applicable | UI exposes loading, empty, error, forbidden and success states | contract tests cover primary API endpoint and validation errors",adapter unavailable; stale projection; feature disabled; tenant suspended; cross-tenant access attempt; duplicate/idempotent request; revoked access,CS-019|CS-018|OPS-010,/analytics/revenue,revenue.report_generated,PB_ERR_TENANT_SCOPE_DENIED|PB_ERR_AUTH_REQUIRED|PB_ERR_PAYMENT_REQUIRED|PB_ERR_AGREEMENT_REQUIRED|PB_ERR_PROVIDER_SYNC_FAILED,unit:guard; integration:mutation+outbox; contract:api; e2e:screen flow; security:tenant isolation,PB-CURSOR-011,MVP-S2,READY_FOR_G1_G4_HANDOFF
US-029-RUNTIME,B-029,Revenue Reporting,RUNTIME,Coach + Tenant Admin,Coach + Tenant Admin,use Revenue Reporting in the live journey/commerce experience,the client/coach flow works end-to-end with correct access and state,tenant exists; actor authenticated; feature enabled where required; Core/DB/Payment adapter availability explicit,Open relevant surface (CS-019|CS-018|OPS-010) -> perform action -> backend validates tenant/access/feature guards -> persist mutation/projection -> emit event/audit -> UI updates state.,"B-029 supports tenant-scoped happy path for Revenue Reporting | unauthorized actor is denied before mutation | forbidden cross-tenant access returns forbidden state and audit event | successful mutation emits expected domain event when applicable | UI exposes loading, empty, error, forbidden and success states | contract tests cover primary API endpoint and validation errors",adapter unavailable; stale projection; feature disabled; tenant suspended; cross-tenant access attempt; duplicate/idempotent request; revoked access,CS-019|CS-018|OPS-010,/analytics/revenue,revenue.report_generated,PB_ERR_TENANT_SCOPE_DENIED|PB_ERR_AUTH_REQUIRED|PB_ERR_PAYMENT_REQUIRED|PB_ERR_AGREEMENT_REQUIRED|PB_ERR_PROVIDER_SYNC_FAILED,unit:guard; integration:mutation+outbox; contract:api; e2e:screen flow; security:tenant isolation,PB-CURSOR-011,MVP-S2,READY_FOR_G1_G4_HANDOFF
US-029-CONTROL,B-029,Revenue Reporting,CONTROL,Platform Admin / Support,Platform Admin / Support,"inspect, support and audit Revenue Reporting","failures, permissions and incidents are diagnosable without unsafe data access",tenant exists; actor authenticated; feature enabled where required; Core/DB/Payment adapter availability explicit,Open relevant surface (CS-019|CS-018|OPS-010) -> perform action -> backend validates tenant/access/feature guards -> persist mutation/projection -> emit event/audit -> UI updates state.,"B-029 supports tenant-scoped happy path for Revenue Reporting | unauthorized actor is denied before mutation | forbidden cross-tenant access returns forbidden state and audit event | successful mutation emits expected domain event when applicable | UI exposes loading, empty, error, forbidden and success states | contract tests cover primary API endpoint and validation errors",adapter unavailable; stale projection; feature disabled; tenant suspended; cross-tenant access attempt; duplicate/idempotent request; revoked access,CS-019|CS-018|OPS-010,/analytics/revenue,revenue.report_generated,PB_ERR_TENANT_SCOPE_DENIED|PB_ERR_AUTH_REQUIRED|PB_ERR_PAYMENT_REQUIRED|PB_ERR_AGREEMENT_REQUIRED|PB_ERR_PROVIDER_SYNC_FAILED,unit:guard; integration:mutation+outbox; contract:api; e2e:screen flow; security:tenant isolation,PB-CURSOR-011,MVP-S2,READY_FOR_G1_G4_HANDOFF
